id,name,type,address_original,address,gold_district,gold_ward,gold_price_range,gold_duration,gold_target_audience
7171779,Vietnam Adventure Tours,Tour thăm quan thành phố • Chuyến tham quan nhiều ngày,"Thành phố Hồ Chí Minh, 700000","123 Lý Tự Trọng, Phường Bến Thành, Thành phố Hồ Chí Minh",Quận 1,Bến Thành,300.000–2.000.000+ VNĐ,3–8 giờ,Khách du lịch; Cặp đôi; Nhóm bạn
311103,Bảo tàng Chứng tích Chiến tranh,Viện bảo tàng lịch sử,"28 Vo Van Tan Phường Võ Thị Sáu, Quận 3, Thành phố Hồ Chí Minh, 700000","28 Võ Văn Tần, Thành phố Hồ Chí Minh",Quận 3,Võ Thị Sáu,100.000–500.000 VNĐ,1–2 giờ,Khách du lịch; Cặp đôi; Nhóm bạn
1557134,TNK Travel,Tour thăm quan thành phố • Chuyến tham quan lịch sử & di sản,"90 Đ. Bùi Viện , Thành phố Hồ Chí Minh, 700000","57 Đường Bùi Viện, Thành phố Hồ Chí Minh",Quận 1,Bến Thành,300.000–2.000.000+ VNĐ,3–8 giờ,Khách du lịch; Cặp đôi; Nhóm bạn
6721127,Kim Travel,Chuyến tham quan văn hóa • Chuyến tham quan lịch sử & di sản,Thành phố Hồ Chí Minh,"228 Đường Ðề Thám, Thành phố Hồ Chí Minh",Quận 1,Bến Thành,300.000–2.000.000+ VNĐ,3–8 giờ,Khách du lịch; Cặp đôi; Nhóm bạn
2005826,Cu Chi Tunnels,Điểm thu hút khách tham quan & thắng cảnh,"Phú Hiệp , Thành phố Hồ Chí Minh","Tỉnh lộ 15, Ấp Phú Hiệp, Thành phố Hồ Chí Minh",Huyện Củ Chi,Nhuận Đức,300.000–2.000.000+ VNĐ,3–8 giờ,Người yêu lịch sử; Khách quốc tế; Sinh viên
7333808,Vietnam Travel Group,Chuyến tham quan nhiều ngày • Chuyến tham quan ngắm cảnh,"55B Đỗ Quang Đẩu , Thành phố Hồ Chí Minh, 700000","57 Ðỗ Quang Ðẩu, Thành phố Hồ Chí Minh",Quận 1,Bến Thành,300.000–2.000.000+ VNĐ,3–8 giờ,Khách du lịch; Cặp đôi; Nhóm bạn
311089,Bưu điện trung tâm Sài Gòn,Tòa nhà kiến trúc • Tòa nhà chính phủ,"02 Công trường Công xã Paris , Thành phố Hồ Chí Minh, 70000","2 Công trường Công xã Paris, Phường Sài Gòn, Thành phố Hồ Chí Minh",Quận 1,Sài Gòn,100.000–500.000 VNĐ,1–2 giờ,Khách du lịch; Cặp đôi; Nhóm bạn
8599407,Saigon Adventure,Chuyến tham quan văn hóa • Chuyến tham quan mua sắm,"Thành phố Hồ Chí Minh, 700000","88/6 Mạc Đĩnh Chi, Phường Tân Định, Thành phố Hồ Chí Minh",Quận 1,Tân Định,300.000–2.000.000+ VNĐ,3–8 giờ,Khách du lịch; Cặp đôi; Nhóm bạn
8775058,Saigon On Motorbike,Chuyến tham quan bằng mô tô • Nếm bia & tham quan,Thành phố Hồ Chí Minh,"51/9A Cao Thắng, Phường Bàn Cờ, Thành phố Hồ Chí Minh",Quận 3,Bàn Cờ,300.000–2.000.000+ VNĐ,3–8 giờ,Khách du lịch; Cặp đôi; Nhóm bạn
311087,Chợ Bến Thành,Chợ trời & chợ đường phố,"Lê Lợi, Phường Bến Thành, Quận 1 , Thành phố Hồ Chí Minh, 700000","Công trường Quách Thị Trang, Phường Bến Thành, Thành phố Hồ Chí Minh",Quận 1,Bến Thành,100.000–500.000 VNĐ,1–2 giờ,Khách du lịch; Cặp đôi; Nhóm bạn
6351606,Asiana Link Travel,Chuyến tham quan văn hóa • Chuyến tham quan bằng thuyền,"Thành phố Hồ Chí Minh, 700000","80 Hàm Nghi, Phường Sài Gòn, Thành phố Hồ Chí Minh",Quận 1,Sài Gòn,300.000–2.000.000+ VNĐ,3–8 giờ,Khách du lịch; Cặp đôi; Nhóm bạn
317890,Dinh Độc Lập,Địa điểm lịch sử • Tòa nhà kiến trúc,"106 Nguyen Du District 1, Thành phố Hồ Chí Minh, 700000","135 Nam Kỳ Khởi Nghĩa, Phường Bến Thành, Thành phố Hồ Chí Minh",Quận 1,Bến Thành,100.000–500.000 VNĐ,1–2 giờ,Khách du lịch; Cặp đôi; Nhóm bạn
317896,Nhà thờ Đức Bà Sài Gòn,Nhà thờ & nhà thờ lớn,"01 Công Trường Công Xã Paris Phường Bến Nghé, Thành phố Hồ Chí Minh, 700000","1 Công trường Công xã Paris, Phường Sài Gòn, Thành phố Hồ Chí Minh",Quận 1,Bến Nghé,100.000–500.000 VNĐ,1–2 giờ,Khách du lịch; Cặp đôi; Nhóm bạn
8263413,Deluxe Group Tours,Chuyến tham quan văn hóa • Chuyến tham quan lịch sử & di sản,"Thành phố Hồ Chí Minh, 700000","13bis Kỳ Ðồng, Thành phố Hồ Chí Minh",Quận 3,Xuân Hòa,300.000–2.000.000+ VNĐ,3–8 giờ,Khách du lịch; Cặp đôi; Nhóm bạn
17543751,SST TRAVEL,Tour thăm quan thành phố • Chuyến tham quan nhiều ngày,"57 Le Thi Hong Gam, Nguyen Thai Binh Ward, District 1, HCM 102 Cong Quynh, Pham Ngu Lao Ward, District 1, HCM, Thành phố Hồ Chí Minh, 700000","57 Le Thi Hong Gam, Nguyen Thai Binh Ward, District 1, HCM 102 Cong Quynh, Pham Ngu Lao Ward, District 1, HCM, Thành phố Hồ Chí Minh, 700000",Quận 1,Bến Thành,300.000–2.000.000+ VNĐ,3–8 giờ,Khách du lịch; Cặp đôi; Nhóm bạn
2044621,XO Tours,Tour thăm quan thành phố • Chuyến tham quan ban đêm,"611/111 Dien Bien Phu Street , Thành phố Hồ Chí Minh, 70000","686 Ðiện Biên Phủ, Thành phố Hồ Chí Minh",Quận 3,Xuân Hòa,300.000–2.000.000+ VNĐ,3–8 giờ,Khách du lịch; Cặp đôi; Nhóm bạn
6982572,Indochina Heritage Travel,Tour thăm quan thành phố • Chuyến tham quan lịch sử & di sản,Thành phố Hồ Chí Minh,"161/4 Đường Cây Điệp, Phường Tân Định, Thành phố Hồ Chí Minh",Quận 1,Tân Định,300.000–2.000.000+ VNĐ,3–8 giờ,Khách du lịch; Cặp đôi; Nhóm bạn
2037764,Tháp Tài Chính Bitexco,Điểm thu hút khách tham quan & thắng cảnh • Đài & tháp quan sát,"36 Hồ Tùng Mậu Phường Bến Nghé, Quận 1, Thành phố Hồ Chí Minh, 700000","02 Hải Triều, Phường Sài Gòn, Thành phố Hồ Chí Minh",Quận 1,Bến Nghé,100.000–500.000 VNĐ,3–8 giờ,Khách du lịch; Cặp đôi; Nhóm bạn
10117391,Street Food Man,Chuyến tham quan đi dạo • Chuyến tham quan ban đêm,Thành phố Hồ Chí Minh,"15 Hẻm 199 Đường Cách Mạng Tháng 8, Phường Bàn Cờ, Thành phố Hồ Chí Minh",Quận 3,Bàn Cờ,300.000–2.000.000+ VNĐ,3–8 giờ,Khách du lịch; Cặp đôi; Nhóm bạn
1837685,Intrepid Urban Adventures,Tour thăm quan thành phố • Chuyến tham quan đi dạo,"Thành phố Hồ Chí Minh, 70000","64 Nguyễn Đình Chiểu, Phường Sài Gòn, Thành phố Hồ Chí Minh",Quận 1,Sài Gòn,300.000–2.000.000+ VNĐ,3–8 giờ,Khách du lịch; Cặp đôi; Nhóm bạn
27173896,ACE TRAVELS,Chuyến đi trong ngày,"47 Phan Chu Trinh Ben Thanh, D 1, Thành phố Hồ Chí Minh, 70000","47 Phan Chu Trinh Ben Thanh, D 1, Thành phố Hồ Chí Minh, 70000",Quận 1,Bến Thành,300.000–2.000.000+ VNĐ,1–2 giờ,Khách du lịch; Cặp đôi; Nhóm bạn
13421912,Saigon Back Alley Tours,Chuyến tham quan đi dạo • Chuyến tham quan ban đêm,"200/30 Xom Chieu Ward 16, District 7, Thành phố Hồ Chí Minh, 700000","30 Xóm Chiếu, Phường Xóm Chiếu, Thành phố Hồ Chí Minh",Quận 7,Phường 16,300.000–2.000.000+ VNĐ,3–8 giờ,Khách du lịch; Cặp đôi; Nhóm bạn
15528737,HANA TOURIST VIP,Tour thăm quan thành phố • Chuyến tham quan nhiều ngày,"172 Bùi Viện Quận 1, Thành phố Hồ Chí Minh, 70000","176 Đường Bùi Viện, Phường Bến Thành, Thành phố Hồ Chí Minh",Quận 1,Bến Thành,300.000–2.000.000+ VNĐ,3–8 giờ,Khách du lịch; Cặp đôi; Nhóm bạn
1746272,Les Rives Authentic River Experience,Tour thăm quan thành phố • Chuyến tham quan lịch sử & di sản,"1A Cong Truong Me Linh, District 1 Ibc Building, 1st Floor, Room 15, Thành phố Hồ Chí Minh, 700000","1A Công trường Mê Linh, Phường Sài Gòn, Thành phố Hồ Chí Minh",Quận 1,Sài Gòn,300.000–2.000.000+ VNĐ,3–8 giờ,Khách du lịch; Cặp đôi; Nhóm bạn
17212823,Saigon Vibes,Chuyến tham quan bằng mô tô • Chuyến tham quan ban đêm,"Ben Thanh market, District 1 , Thành phố Hồ Chí Minh, 700000","251 a, Phường Long Trường, Thành phố Hồ Chí Minh",Quận 1,Long Trường,300.000–2.000.000+ VNĐ,3–8 giờ,Khách du lịch; Cặp đôi; Nhóm bạn
454974,Nhà hát Thành Phố Hồ Chí Minh,Rạp hát,"07 Lam Son Square Street District 1, Thành phố Hồ Chí Minh, 700000","7 Công trường Lam Sơn, Phường Sài Gòn, Thành phố Hồ Chí Minh",Quận 1,Sài Gòn,100.000–500.000 VNĐ,1–2 giờ,Khách du lịch; Cặp đôi; Nhóm bạn
2004786,Vespa Adventures,Tour thăm quan thành phố • Chuyến tham quan ban đêm,Thành phố Hồ Chí Minh,"169A Đường Trần Hưng Đạo, Phường Bến Thành, Thành phố Hồ Chí Minh",Quận 1,Bến Thành,300.000–1.500.000 VNĐ,3–8 giờ,Người trưởng thành; Cặp đôi; Khách muốn thư giãn
10836066,Vietnam To Travel,Chuyến tham quan lịch sử & di sản • Chuyến tham quan bằng xe đạp,"59 đường Vành Đai Tây, KP4, An Khánh, Thành Phố Thủ Đức, TPHCM Văn Phòng: 67 Thủ Khoa Huân, Phường Bến Thành, Tp Hồ Chí Minh , Thành phố Hồ Chí Minh, 700000","Khu công nghiệp Mỹ Tho, Thành phố Hồ Chí Minh",Quận 1,Bến Thành,300.000–2.000.000+ VNĐ,3–8 giờ,Khách du lịch; Cặp đôi; Nhóm bạn
317893,Quảng trường Hồ Chí Minh,Điểm thu hút khách tham quan & thắng cảnh,"Nguyen Hue Walking Street, District 1 , Thành phố Hồ Chí Minh, 70000","8 Đường An Dương Vương, Thành phố Hồ Chí Minh",Quận 1,Sài Gòn,300.000–2.000.000+ VNĐ,3–8 giờ,Khách du lịch; Cặp đôi; Nhóm bạn
4097768,Saigon River Tour,Chuyến tham quan lịch sử & di sản • Chuyến tham quan bằng thuyền,"Thành phố Hồ Chí Minh, 700000","Tôn Đức Thắng, Phường Sài Gòn, Thành phố Hồ Chí Minh",Quận 1,Sài Gòn,300.000–2.000.000+ VNĐ,3–8 giờ,Khách du lịch; Cặp đôi; Nhóm bạn
2264651,Back of the Bike Tours,Chuyến tham quan tư nhân • Chuyến tham quan ẩm thực,"68 Nguyen Hue street, District 1 , Thành phố Hồ Chí Minh, 70000","68a Nguyễn Huệ, Phường Sài Gòn, Thành phố Hồ Chí Minh",Quận 1,Sài Gòn,300.000–2.000.000+ VNĐ,3–8 giờ,Khách du lịch; Cặp đôi; Nhóm bạn
4542125,À Ố Show - Lune Production,Rạp hát,"7 Cong Truong Lam Son District 1, Thành phố Hồ Chí Minh, 700000","7 Công trường Lam Sơn, Thành phố Hồ Chí Minh",Quận 1,Bến Thành,300.000–1.500.000 VNĐ,1–2 giờ,Khách du lịch; Cặp đôi; Nhóm bạn
7339849,Temple Leaf Spa & Sauna,Spa,"32 Thai Van Lung District 1, Thành phố Hồ Chí Minh, 70000","36-38 Thái Văn Lung, Phường Sài Gòn, Thành phố Hồ Chí Minh",Quận 1,Sài Gòn,300.000–1.500.000 VNĐ,1–2 giờ,Người trưởng thành; Cặp đôi; Khách muốn thư giãn
5505885,Đường Bùi Viện,Điểm thu hút khách tham quan & thắng cảnh,"Quận 1 , Thành phố Hồ Chí Minh, 700000","27 Đường Bùi Viện, Phường Bến Thành, Thành phố Hồ Chí Minh",Quận 1,Bến Thành,300.000–2.000.000+ VNĐ,3–8 giờ,Khách du lịch; Cặp đôi; Nhóm bạn
10694795,Kisstour,Tour thăm quan thành phố • Chuyến tham quan bằng xe đạp,"Thành phố Hồ Chí Minh, 700000","Hẻm 247 Đường Nguyễn Xí, Phường Bình Lợi Trung, Thành phố Hồ Chí Minh",Quận Bình Thạnh,Bình Lợi Trung,300.000–2.000.000+ VNĐ,3–8 giờ,Khách du lịch; Cặp đôi; Nhóm bạn
8610811,VN Bike Tour,Tour thăm quan thành phố • Chuyến tham quan bằng mô tô,"Thành phố Hồ Chí Minh, 700000","25 Nguyễn Thần Hiến, Phường Xóm Chiếu, Thành phố Hồ Chí Minh",Quận 4,Xóm Chiếu,300.000–2.000.000+ VNĐ,3–8 giờ,Khách du lịch; Cặp đôi; Nhóm bạn
10005057,Ben Nghe Street Food,Chợ trời & chợ đường phố,"134, 136 Nam Kỳ Khởi Nghĩa , Thành phố Hồ Chí Minh, 700000","134 Nam Kỳ Khởi Nghĩa, Phường Bến Thành, Thành phố Hồ Chí Minh",Quận 1,Bến Thành,100.000–500.000 VNĐ,1–2 giờ,Khách du lịch; Cặp đôi; Nhóm bạn
24977107,Kim Delta Travel,Chuyến tham quan bằng thuyền • Chuyến tham quan ngắm cảnh,"268 De Tham , Thành phố Hồ Chí Minh, 700000","254 Ðề Thám, Phường Bến Thành, Thành phố Hồ Chí Minh",Quận 1,Bến Thành,300.000–2.000.000+ VNĐ,3–8 giờ,Khách du lịch; Cặp đôi; Nhóm bạn
5970625,Temple Leaf Spa,Spa,"74 / 1 Hai Ba Trung, Ben Nghe Ward, District 1 , Thành phố Hồ Chí Minh, 70000","74/6 Hai Bà Trưng, Phường Sài Gòn, Thành phố Hồ Chí Minh",Quận 1,Sài Gòn,300.000–1.500.000 VNĐ,1–2 giờ,Người trưởng thành; Cặp đôi; Khách muốn thư giãn
19323919,Joy Journeys,Tour thăm quan thành phố • Chuyến tham quan nhiều ngày,"30A Ho Hao Hon 2nd Floor, Thành phố Hồ Chí Minh, 700000","218 Phan Văn Hân, Phường Gia Định, Thành phố Hồ Chí Minh",Quận Bình Thạnh,Gia Định,300.000–2.000.000+ VNĐ,3–8 giờ,Khách du lịch; Cặp đôi; Nhóm bạn
1784754,Đường Đồng Khởi,Điểm thu hút khách tham quan & thắng cảnh,"Thành phố Hồ Chí Minh, 700000","151 Ðồng Khởi, Phường Sài Gòn, Thành phố Hồ Chí Minh",Quận 1,Sài Gòn,300.000–2.000.000+ VNĐ,3–8 giờ,Khách du lịch; Cặp đôi; Nhóm bạn
1489190,Nhà Hát Múa Rối Nước Rồng Vàng,Rạp hát,"55B Nguyen Thi Minh Khai Quận 1, Thành phố Hồ Chí Minh","55B Đường Nguyễn Thị Minh Khai, Phường Bến Thành, Thành phố Hồ Chí Minh",Quận 1,Bến Thành,100.000–500.000 VNĐ,1–2 giờ,Khách du lịch; Cặp đôi; Nhóm bạn
8290115,Phố đi bộ Nguyễn Huệ,Điểm thu hút khách tham quan & thắng cảnh,"Đường Nguyễn Huệ , Thành phố Hồ Chí Minh, 70000","115 Nguyễn Huệ, Thành phố Hồ Chí Minh",Quận 1,Sài Gòn,300.000–2.000.000+ VNĐ,3–8 giờ,Khách du lịch; Cặp đôi; Nhóm bạn
317898,Notre Dame Square,Điểm thu hút khách tham quan & thắng cảnh,"01 Công xã Paris , Thành phố Hồ Chí Minh, 700000","1 Công trường Công xã Paris, Phường Sài Gòn, Thành phố Hồ Chí Minh",Quận 1,Sài Gòn,300.000–2.000.000+ VNĐ,3–8 giờ,Khách du lịch; Cặp đôi; Nhóm bạn
317904,Thảo Cầm Viên,Sở thú,"2 Đ. Nguyễn Bỉnh Khiêm Bến Nghé, Quận 1, Thành phố Hồ Chí Minh, 700000","2 Nguyễn Thị Minh Khai, Phường Sài Gòn, Thành phố Hồ Chí Minh",Quận 1,Sài Gòn,100.000–500.000 VNĐ,1–2 giờ,Khách du lịch; Cặp đôi; Nhóm bạn
13073660,AN Tours Vietnam,Tour thăm quan thành phố • Chuyến tham quan đi dạo,"85 Hoang Sa, Tan Dinh Ward , Thành phố Hồ Chí Minh, 700000","3/2 Nguyễn Văn Thủ, Thành phố Hồ Chí Minh",Quận 1,Sài Gòn,300.000–2.000.000+ VNĐ,3–8 giờ,Khách du lịch; Cặp đôi; Nhóm bạn
8765849,Onetrip Adventures,Chuyến tham quan văn hóa • Chuyến tham quan bằng mô tô,"212/2b1 Nguyen Trai ,Ward Cau Ong Lanh The Joi Factory At Christina's, Thành phố Hồ Chí Minh, 700000","Hẻm 212B Nguyễn Trãi, Phường Cầu Ông Lãnh, Thành phố Hồ Chí Minh",Quận 1,Cầu Ông Lãnh,300.000–2.000.000+ VNĐ,3–8 giờ,Khách du lịch; Cặp đôi; Nhóm bạn
3948543,Saigon Hotpot - Travel With Local Youth,Tour thăm quan thành phố • Chuyến tham quan văn hóa,Thành phố Hồ Chí Minh,"35 Hàn Thuyên, Phường Sài Gòn, Thành phố Hồ Chí Minh",Quận 1,Sài Gòn,300.000–2.000.000+ VNĐ,3–8 giờ,Khách du lịch; Cặp đôi; Nhóm bạn
2273343,Phạm Ngũ Lão,Điểm thu hút khách tham quan & thắng cảnh,"District 1 , Thành phố Hồ Chí Minh","183 Đường Phạm Ngũ Lão, Thành phố Hồ Chí Minh",Quận 1,Bến Thành,300.000–2.000.000+ VNĐ,3–8 giờ,Khách du lịch; Cặp đôi; Nhóm bạn
3677899,HCM Cooking Class,Lớp nấu ăn,"275 Tỉnh Lộ 2 Ấp 3, Phước Vĩnh An, Thành phố Hồ Chí Minh, 733016","Tỉnh Lộ 2, Xã Củ Chi, Thành phố Hồ Chí Minh",Huyện Củ Chi,Củ Chi,500.000–1.500.000 VNĐ,2–4 giờ,Khách quốc tế; Người yêu ẩm thực; Gia đình
8647034,Jeep Tour Saigon By Night,Tour thăm quan thành phố • Chuyến tham quan ban đêm,Thành phố Hồ Chí Minh,"69 Cô Giang, Phường Cầu Ông Lãnh, Thành phố Hồ Chí Minh",Quận 1,Cầu Ông Lãnh,300.000–2.000.000+ VNĐ,3–8 giờ,Khách du lịch; Cặp đôi; Nhóm bạn
2336225,Skybar thư giãn,Quán bar & câu lạc bộ,"Số 76A đường Lê Lai Phường Bến Thành, Tòa nhà AB, Thành phố Hồ Chí Minh, 70000","18-20 Đường Nguyễn Thái Học, Thành phố Hồ Chí Minh",Quận 1,Bến Thành,100.000–500.000 VNĐ,2–4 giờ,Người trưởng thành; Nhóm bạn; Khách yêu thích nightlife
3749935,Saigon Heritage Spa,Spa,"69 Hai Bà Trưng, Bến Nghé, Quận 1 , Thành phố Hồ Chí Minh, 70000","65-67 Hai Bà Trưng, Phường Sài Gòn, Thành phố Hồ Chí Minh",Quận 1,Sài Gòn,300.000–1.500.000 VNĐ,1–2 giờ,Người trưởng thành; Cặp đôi; Khách muốn thư giãn
7339857,Scooter Saigon Exclusive Tours,Tour thăm quan thành phố • Chuyến tham quan ẩm thực,Thành phố Hồ Chí Minh,"1648 Võ Văn Kiệt, Thành phố Hồ Chí Minh",Quận 6,Cầu Ông Lãnh,300.000–2.000.000+ VNĐ,3–8 giờ,Khách du lịch; Cặp đôi; Nhóm bạn
311094,Chùa Ngọc Hoàng (Phước Hải Tự),Địa điểm tôn giáo,"73 Mai Thi Luu , Thành phố Hồ Chí Minh, 700000","74A Mai Thị Lựu, Phường Tân Định, Thành phố Hồ Chí Minh",Quận 1,Tân Định,100.000–500.000 VNĐ,1–2 giờ,Khách du lịch; Cặp đôi; Nhóm bạn
15522949,PAPA HOLIDAY VIETNAM,Chuyến tham quan nhiều ngày • Taxi & xe đưa đón,"175/8 Pham Ngu Lao - District 1  Ho Chi Minh City, Thành phố Hồ Chí Minh, 700000","133 Đường Bùi Viện, Phường Bến Thành, Thành phố Hồ Chí Minh",Quận 1,Bến Thành,300.000–2.000.000+ VNĐ,3–8 giờ,Khách du lịch; Cặp đôi; Nhóm bạn
1752815,Saigon Saigon Rooftop Bar,Quán bar & câu lạc bộ tạm thời,"19-23 Lam Son Square Rooftop via 10th Floor, Caravelle Saigon, Thành phố Hồ Chí Minh, 70000","Caravelle Premium Deluxe, HC, Thành phố Hồ Chí Minh",Quận 1,Sài Gòn,100.000–500.000 VNĐ,1–2 giờ,Người trưởng thành; Nhóm bạn; Khách yêu thích nightlife
7194403,Ginkgo Voyage Private Day Tours,Tour thăm quan thành phố • Chuyến tham quan nhiều ngày,"107 Đồng Khởi, Phường Bến Thành, Quận 1 Lầu 1, Thành phố Hồ Chí Minh, 700000","252 Ðề Thám, Phường Bến Thành, Thành phố Hồ Chí Minh",Quận 1,Bến Thành,300.000–2.000.000+ VNĐ,4–6 giờ,Khách du lịch; Cặp đôi; Nhóm bạn
17379413,Heritage Line - Refined Waterway Voyages,Chuyến tham quan nhiều ngày • Chuyến tham quan bằng thuyền,"2/27 Quach Van Tuan, Ward 12, Tan Binh District , Thành phố Hồ Chí Minh, 700000","648 Trường Sa, Phường Phú Nhuận, Thành phố Hồ Chí Minh",Quận Tân Bình,Phú Nhuận,300.000–2.000.000+ VNĐ,3–8 giờ,Khách du lịch; Cặp đôi; Nhóm bạn
3617391,Saigon Street Eats,Chuyến tham quan ẩm thực,Thành phố Hồ Chí Minh,"24 Đường số 32, Phường An Khánh, Thành phố Hồ Chí Minh",TP Thủ Đức,An Khánh,300.000–2.000.000+ VNĐ,3–8 giờ,Khách du lịch; Cặp đôi; Nhóm bạn
18830093,VietCruise Tours,Chuyến tham quan nhiều ngày • Taxi & xe đưa đón,"No 2 Cong Xa Pari, Dist 1, Ho Chi Minh city Saigon Central Post office, Thành phố Hồ Chí Minh, 70000","Phước Thiện, Phường Long Bình, Thành phố Hồ Chí Minh",TP Thủ Đức,Long Bình,300.000–2.000.000+ VNĐ,3–8 giờ,Khách du lịch; Cặp đôi; Nhóm bạn
24131945,AN TRAVEL,Chuyến tham quan nhiều ngày • Taxi & xe đưa đón,"165 Phạm Ngũ Lão Street, Phạm Ngũ Lão Ward, District 1 , Thành phố Hồ Chí Minh, 70000","165 Phạm Ngũ Lão Street, Phạm Ngũ Lão Ward, District 1 , Thành phố Hồ Chí Minh, 70000",Quận 1,Bến Thành,300.000–2.000.000+ VNĐ,3–8 giờ,Khách du lịch; Cặp đôi; Nhóm bạn
455387,Ho Chi Minh City Museum of Fine Arts,Viện bảo tàng nghệ thuật,"97a Pho Duc Chinh Nguyen Thai Binh Ward, District 1, Thành phố Hồ Chí Minh, 70000","97A Đường Phó Đức Chính, Phường Bến Thành, Thành phố Hồ Chí Minh",Quận 1,Bến Thành,0–100.000 VNĐ,"1,5–3 giờ",Người yêu lịch sử; Khách quốc tế; Sinh viên
2273335,Chùa Bà Thiên Hậu,Địa điểm tôn giáo,"710 Nguyen Trai Cho Lon, District 5, Thành phố Hồ Chí Minh","710 Đường Nguyễn Trãi, Phường Chợ Lớn, Thành phố Hồ Chí Minh",Quận 5,Chợ Lớn,100.000–500.000 VNĐ,1–2 giờ,Khách du lịch; Cặp đôi; Nhóm bạn
8602875,Chef Vu Cooking Class,Lớp nấu ăn,"133 Đ. Nguyễn Du Phường Bến Thành, Quận 1, Thành phố Hồ Chí Minh, 70000","112 Nguyễn Du, Phường Bến Thành, Thành phố Hồ Chí Minh",Quận 1,Bến Thành,500.000–1.500.000 VNĐ,2–4 giờ,Khách quốc tế; Người yêu ẩm thực; Gia đình
4795476,Phan's Custom Tailor,Cửa hàng đặc sản & cửa hàng quà tặng,"D9 St, Saigon Pearl , Thành phố Hồ Chí Minh, 700000","92 Nguyễn Hữu Cảnh, Phường Thạnh Mỹ Tây, Thành phố Hồ Chí Minh",Quận Bình Thạnh,Thạnh Mỹ Tây,Giá tùy sản phẩm/dịch vụ,1–2 giờ,Người thích mua sắm; Khách du lịch; Nhóm bạn
2475475,Sai Gon Square,Trung tâm mua sắm,"77-89 Đ. Nam Kỳ Khởi Nghĩa , Thành phố Hồ Chí Minh, 70000","65 Lê Lợi, Phường Sài Gòn, Thành phố Hồ Chí Minh",Quận 1,Sài Gòn,Miễn phí tham quan; chi phí tùy dịch vụ,1–2 giờ,Khách du lịch; Cặp đôi; Nhóm bạn
454975,Bảo Tàng Lịch Sử Việt Nam,Viện bảo tàng lịch sử,"2 Nguyen Binh Khiem Street , Thành phố Hồ Chí Minh, 70000","2 Nguyễn Thị Minh Khai, Phường Sài Gòn, Thành phố Hồ Chí Minh",Quận 1,Sài Gòn,100.000–500.000 VNĐ,1–2 giờ,Khách du lịch; Cặp đôi; Nhóm bạn
19163793,102 Saigonese,Tour thăm quan thành phố • Chuyến tham quan nhiều ngày,"Số 7 Công trường Lam Sơn, Phường Bến Nghé, Quận 1, Thành phố Hồ Chí Minh, Việt Nam Opera House, Thành phố Hồ Chí Minh, 700000","21 Nguyễn Văn Tráng, Phường Bến Thành, Thành phố Hồ Chí Minh",Quận 1,Bến Nghé,300.000–2.000.000+ VNĐ,3–8 giờ,Khách du lịch; Cặp đôi; Nhóm bạn
4480894,Roadstour Vietnam - Private Tours,Tour thăm quan thành phố • Chuyến tham quan nhiều ngày,"09 Hoa Sua Street, Ward 7 Phu Nhuan District, Thành phố Hồ Chí Minh, 700000","Hoa Sữa, Phường Cầu Kiệu, Thành phố Hồ Chí Minh",Quận Phú Nhuận,Cầu Kiệu,300.000–2.000.000+ VNĐ,3–8 giờ,Khách du lịch; Cặp đôi; Nhóm bạn
6387515,Saigon Food Tour,Chuyến tham quan ẩm thực,Thành phố Hồ Chí Minh,"133 Dương Bá Trạc, Phường Chánh Hưng, Thành phố Hồ Chí Minh",Quận 8,Chánh Hưng,300.000–2.000.000+ VNĐ,3–8 giờ,Khách du lịch; Cặp đôi; Nhóm bạn
2435196,Tiger Tours Co. Ltd.,Chuyến tham quan nhiều ngày • Núi,"Block C, Ground floor #109, Tan Dinh Ward, District 1Phố Lý Văn Phức Lô C #109 Chung cư Lý Văn Phức, Phường Tân Định, Quận 1, Thành phố Hồ Chí Minh, 700000","32A Thạch Thị Thanh, Phường Tân Định, Thành phố Hồ Chí Minh",Quận 1,Tân Định,300.000–2.000.000+ VNĐ,3–8 giờ,Khách du lịch; Cặp đôi; Nhóm bạn
14051467,Club V E-Gaming,Sòng bạc • Trung tâm trò chơi & giải trí,"148 Tran Hung Dao Cau Ong Lanh Ward, Thành phố Hồ Chí Minh, 700000","Nguyễn Cư Trinh, Phường Cầu Ông Lãnh, Thành phố Hồ Chí Minh",Quận 1,Cầu Ông Lãnh,100.000–500.000 VNĐ,2–4 giờ,Người trưởng thành; Nhóm bạn; Khách yêu thích nightlife
13391755,Private Daily Tours,Tour thăm quan thành phố • Chuyến tham quan văn hóa,Thành phố Hồ Chí Minh,"88 Ðồng Khởi, Phường Sài Gòn, Thành phố Hồ Chí Minh",Quận 1,Sài Gòn,300.000–2.000.000+ VNĐ,3–8 giờ,Khách du lịch; Cặp đôi; Nhóm bạn
2226088,Water Buffalo Tours,Chuyến tham quan ngắm cảnh • Chuyến tham quan tư nhân,"Thành phố Hồ Chí Minh, 700000","356 Đường Hồng Bàng, Phường Chợ Lớn, Thành phố Hồ Chí Minh",Quận 5,Chợ Lớn,300.000–2.000.000+ VNĐ,3–8 giờ,Khách du lịch; Cặp đôi; Nhóm bạn
2154294,My Spa,Spa,"15C4 Thi Sach Street , Thành phố Hồ Chí Minh, 700000","29A Lê Thánh Tôn, Phường Sài Gòn, Thành phố Hồ Chí Minh",Quận 1,Sài Gòn,300.000–1.500.000 VNĐ,1–2 giờ,Người trưởng thành; Cặp đôi; Khách muốn thư giãn
5539395,Asia Tours,Tour thăm quan thành phố • Chuyến tham quan đi dạo,Thành phố Hồ Chí Minh,"Võ Văn Hát, Phường Long Trường, Thành phố Hồ Chí Minh",TP Thủ Đức,Long Trường,300.000–2.000.000+ VNĐ,3–8 giờ,Khách du lịch; Cặp đôi; Nhóm bạn
1929610,Bảo Tàng Y Học Cổ Truyền Việt Nam,Viện bảo tàng chuyên ngành,"41 Hoàng Dư Khương Phường 12, Quận 10, Thành phố Hồ Chí Minh","41 Hoàng Dư Khương, Phường Hòa Hưng, Thành phố Hồ Chí Minh",Quận 10,Phường 12,100.000–500.000 VNĐ,1–2 giờ,Khách du lịch; Cặp đôi; Nhóm bạn
455410,Rex Hotel Rooftop Bar,Quán bar & câu lạc bộ,"141 Nguyen Hue Blvd District 1, Thành phố Hồ Chí Minh, 70000","141 Nguyễn Huệ, Phường Sài Gòn, Thành phố Hồ Chí Minh",Quận 1,Sài Gòn,100.000–500.000 VNĐ,1–2 giờ,Người trưởng thành; Nhóm bạn; Khách yêu thích nightlife
454972,Phố Tàu Sài Gòn (Chợ Lớn Quận 5),Khu lân cận,", Thành phố Hồ Chí Minh","Đường Hồng Bàng, Phường Chợ Lớn, Thành phố Hồ Chí Minh",Quận 5,Chợ Lớn,100.000–500.000 VNĐ,1–2 giờ,Khách du lịch; Cặp đôi; Nhóm bạn
2168911,Ho Chi Minh City Museum,Viện bảo tàng chuyên ngành,"65 Ly Tu Trong, Ben Nghe ward, District 1 , Thành phố Hồ Chí Minh, 70000","Lý Tự Trọng, Phường Sài Gòn, Thành phố Hồ Chí Minh",Quận 1,Sài Gòn,0–100.000 VNĐ,"1,5–3 giờ",Người yêu lịch sử; Khách quốc tế; Sinh viên
14025887,"The Privé Spa | International Lash, Nail Care & Spa | Ben Thanh (D1)",Spa,"7 Đ. Lê Thị Riêng Phường Ben Thanh, Quận 1, Thành phố Hồ Chí Minh, 70000","52 Lê Thị Riêng, Thành phố Hồ Chí Minh",Quận 1,Bến Thành,300.000–1.500.000 VNĐ,1–2 giờ,Người trưởng thành; Cặp đôi; Khách muốn thư giãn
1178970,Công Viên Nước Đầm Sen,Công viên giải trí & công viên chủ đề • Công viên nước,"03 Hoa Binh , Thành phố Hồ Chí Minh, 700000","3 Đường Hòa Bình, Phường Tân Phú, Thành phố Hồ Chí Minh",Quận Tân Phú,Tân Phú,100.000–500.000 VNĐ,1–2 giờ,Khách du lịch; Cặp đôi; Nhóm bạn
6560716,Xin Chào Private Vietnam Tours,Chuyến tham quan văn hóa • Chuyến tham quan bằng thuyền,"Thành phố Hồ Chí Minh, 700000","106 Nguyễn Văn Trỗi, Phường Phú Nhuận, Thành phố Hồ Chí Minh",Quận Phú Nhuận,Phú Nhuận,300.000–2.000.000+ VNĐ,3–8 giờ,Khách du lịch; Cặp đôi; Nhóm bạn
9582552,President ho Chi Minh Statue,Đài kỷ niệm & tượng,"1 Nguyen Hue Street, District 1 , Thành phố Hồ Chí Minh, 70000","Tôn Đức Thắng, Phường Sài Gòn, Thành phố Hồ Chí Minh",Quận 1,Sài Gòn,100.000–500.000 VNĐ,1–2 giờ,Khách du lịch; Cặp đôi; Nhóm bạn
21493307,Lacàph Coffee Experiences Space,Buổi học & hội thảo • Lớp nấu ăn,"220 Nguyen Cong Tru , Thành phố Hồ Chí Minh, 70000","41 Đường Phó Đức Chính, Phường Bến Thành, Thành phố Hồ Chí Minh",Quận 1,Bến Thành,300.000–1.500.000 VNĐ,1–2 giờ,Người trưởng thành; Cặp đôi; Khách muốn thư giãn
33678444,"CHAO SHOW – Dau An Show Co., Ltd","Chuyến tham quan quán bar, câu lạc bộ & quán rượu • Chuyến tham quan văn hóa","No. 6, Nguyen Sieu Street, Sai Gon Ward Ben Nghe Ward, District 1, Thành phố Hồ Chí Minh, 70000","No. 6, Nguyen Sieu Street, Sai Gon Ward Ben Nghe Ward, District 1, Thành phố Hồ Chí Minh, 70000",Quận 1,Sài Gòn,300.000–1.500.000 VNĐ,3–8 giờ,Người trưởng thành; Nhóm bạn; Khách yêu thích nightlife
15278678,The Sun Tourist,Chuyến tham quan nhiều ngày • Chuyến tham quan tư nhân,"203 De Tham Street Pham Ngu Lao Ward, Thành phố Hồ Chí Minh, 70000","207 Ðề Thám, Thành phố Hồ Chí Minh",Quận 1,Bến Thành,300.000–2.000.000+ VNĐ,3–8 giờ,Khách du lịch; Cặp đôi; Nhóm bạn
17733614,SAIGON TASTE Tours,Tour thăm quan thành phố • Chuyến tham quan văn hóa,"5th FLOOR, 70 PHAM NGOC THACH Street Vo Thi Sau Ward, District 3, Thành phố Hồ Chí Minh, 700000","283 Nguyễn Thái Sơn, Phường An Nhơn, Thành phố Hồ Chí Minh",Quận 3,An Nhơn,300.000–2.000.000+ VNĐ,3–8 giờ,Khách du lịch; Cặp đôi; Nhóm bạn
3731488,Flamingo Spa,Spa,"13B Đ. Lê Thánh Tôn Bến Nghé, Quận 1, Thành phố Hồ Chí Minh, 70000","15/7 Lê Thánh Tôn, Thành phố Hồ Chí Minh",Quận 1,Sài Gòn,300.000–1.500.000 VNĐ,1–2 giờ,Người trưởng thành; Cặp đôi; Khách muốn thư giãn
1910195,Ủy Ban Nhân Dân Thành Phố,Địa điểm lịch sử • Tòa nhà kiến trúc,"86 Le Thanh Ton Street , Thành phố Hồ Chí Minh, 710212","86 Lê Thánh Tôn, Phường Sài Gòn, Thành phố Hồ Chí Minh",Quận 1,Sài Gòn,100.000–500.000 VNĐ,1–2 giờ,Khách du lịch; Cặp đôi; Nhóm bạn
15019919,Odynovo,Tour thăm quan thành phố • Chuyến tham quan nhiều ngày,"Thành phố Hồ Chí Minh, 700000","Thành phố Hồ Chí Minh, 700000",Quận 1,Sài Gòn,300.000–2.000.000+ VNĐ,3–8 giờ,Khách du lịch; Cặp đôi; Nhóm bạn
1307686,Vietnam Bike Tours,Chuyến tham quan bằng xe đạp • Cho thuê tiện ích,", Thành phố Hồ Chí Minh, 721261","41 Đường số 37, Phường Hiệp Bình, Thành phố Hồ Chí Minh",TP Thủ Đức,Hiệp Bình,300.000–2.000.000+ VNĐ,3–8 giờ,Khách du lịch; Cặp đôi; Nhóm bạn
7767149,Tàu Sài Gòn,Chuyến tham quan bằng thuyền • Thuyền cho thuê,"10B Ton Duc Thang, Ben Nghe, District 1 , Thành phố Hồ Chí Minh, 700000","Tôn Đức Thắng, Phường Sài Gòn, Thành phố Hồ Chí Minh",Quận 1,Sài Gòn,300.000–2.000.000+ VNĐ,3–8 giờ,Khách du lịch; Cặp đôi; Nhóm bạn
1830324,Vincom Center,Trung tâm mua sắm,"72 Lê Thánh Tôn Bến Nghé,Quận 1, Thành phố Hồ Chí Minh, 70000","72 Lê Thánh Tôn, Phường Sài Gòn, Thành phố Hồ Chí Minh",Quận 1,Sài Gòn,Giá tùy sản phẩm/dịch vụ,1–2 giờ,Người thích mua sắm; Khách du lịch; Nhóm bạn
8856664,VN LOTUS TRAVEL,Chuyến tham quan nhiều ngày • Chuyến tham quan lịch sử & di sản,"177 De Tham Street, Pham Ngu Lao Ward, Dist 1, HCMC, Vietnam , Thành phố Hồ Chí Minh, 700000","185 Đề Thám, Phường Bến Thành, Thành phố Hồ Chí Minh",Quận 1,Bến Thành,300.000–2.000.000+ VNĐ,3–8 giờ,Khách du lịch; Cặp đôi; Nhóm bạn
2493165,The Sinh Tourist Day Tours,Chuyến tham quan nhiều ngày • Chuyến tham quan lịch sử & di sản,"246-248 De Tham St, District 1 Hanoi Old Quarter Hotel, Thành phố Hồ Chí Minh","252 Đề Thám, Thành phố Hồ Chí Minh",Quận 1,Bến Thành,300.000–2.000.000+ VNĐ,4–6 giờ,Khách du lịch; Cặp đôi; Nhóm bạn
2283872,Miu Miu Spa 1,Spa,"04 Chu Mạnh Trinh street , Thành phố Hồ Chí Minh, 700000","10 Chu Mạnh Trinh, Phường Sài Gòn, Thành phố Hồ Chí Minh",Quận 1,Sài Gòn,300.000–1.500.000 VNĐ,1–2 giờ,Người trưởng thành; Cặp đôi; Khách muốn thư giãn
23300698,Euphorea Salon And Spa - Bason Branch,Spa,"SH09, Aqua 3, Vinhomes Golden River , Thành phố Hồ Chí Minh, 1800-9467","Aqua 4, Phường Sài Gòn, Thành phố Hồ Chí Minh",Quận 1,Sài Gòn,300.000–1.500.000 VNĐ,1–2 giờ,Người trưởng thành; Cặp đôi; Khách muốn thư giãn
16872213,Mekong Princess,Taxi & xe đưa đón • Chuyến tham quan bằng thuyền,"05 Nguyen Tat Thanh St. , Thành phố Hồ Chí Minh, 70000","925A Trường Chinh, Phường Tây Thạnh, Thành phố Hồ Chí Minh",Quận Tân Phú,Tây Thạnh,300.000–2.000.000+ VNĐ,3–8 giờ,Khách du lịch; Cặp đôi; Nhóm bạn
10836601,Đường Sách Nguyễn Văn Bình,Khu lân cận,"15 Công xã Paris Bến Nghé, Quận 1, Thành phố Hồ Chí Minh","1 Công trường Công xã Paris, Phường Sài Gòn, Thành phố Hồ Chí Minh",Quận 1,Sài Gòn,100.000–500.000 VNĐ,1–2 giờ,Khách du lịch; Cặp đôi; Nhóm bạn
2273094,Công Ty Tnhh Du Lịch Việt Vui,Tour thăm quan thành phố • Chuyến tham quan nhiều ngày,"Thành phố Hồ Chí Minh, 700000","169 Đường Phạm Ngũ Lão, Thành phố Hồ Chí Minh",Quận 1,Bến Thành,300.000–2.000.000+ VNĐ,3–8 giờ,Khách du lịch; Cặp đôi; Nhóm bạn
26730795,Viet Kolors Tour,Tour thăm quan thành phố • Chuyến tham quan nhiều ngày,"151 Dong Khoi street, Ben Nghe ward, Dist 1 , Thành phố Hồ Chí Minh, 700000","151 Dong Khoi street, Ben Nghe ward, Dist 1 , Thành phố Hồ Chí Minh, 700000",Quận 1,Sài Gòn,300.000–2.000.000+ VNĐ,3–8 giờ,Khách du lịch; Cặp đôi; Nhóm bạn
2389145,Công viên Suối Tiên,Công viên giải trí & công viên chủ đề • Công viên nước,"120 Hanoi Highway, Tan Phu Ward, Dist. 9 , Thành phố Hồ Chí Minh, 70000","120 Xa lộ Hà Nội, Phường Linh Xuân, Thành phố Hồ Chí Minh",Quận 9,Linh Xuân,100.000–500.000 VNĐ,1–2 giờ,Khách du lịch; Cặp đôi; Nhóm bạn
26223282,Saigon Princess - Luxurious Dining Cruise,Chuyến tham quan bằng thuyền • Chuyến tham quan ban đêm,"Cảng Sài Gòn, 05 Đường Nguyễn Tất Thành, Phường 13, Quận 4, Thành phố Hồ Chí Minh. Ward 13, District 4, Saigon Port, Thành phố Hồ Chí Minh, 70000","925A Trường Chinh, Phường Tây Thạnh, Thành phố Hồ Chí Minh",Quận 4,Phường 13,300.000–2.000.000+ VNĐ,3–8 giờ,Khách du lịch; Cặp đôi; Nhóm bạn
10085046,Nhà thờ Tân Định,Địa điểm tôn giáo,"289 Hai Ba Trung, Ward 8, District 3 Ward 8, District 3, Thành phố Hồ Chí Minh, 70000","289 Hai Bà Trưng, Phường Xuân Hòa, Thành phố Hồ Chí Minh",Quận 3,Phường 8,100.000–500.000 VNĐ,1–2 giờ,Khách du lịch; Cặp đôi; Nhóm bạn
6864271,Golden Lotus Spa & Massage Club,Spa,"15 Thái Văn Lung , Thành phố Hồ Chí Minh, 700000","19 Thái Văn Lung, Phường Sài Gòn, Thành phố Hồ Chí Minh",Quận 1,Sài Gòn,300.000–1.500.000 VNĐ,1–2 giờ,Người trưởng thành; Cặp đôi; Khách muốn thư giãn
635380,Bình Tây Market,Chợ trời & chợ đường phố,"57 Tháp Mười, 2, Quận 6, Thành phố Hồ Chí Minh, 700900","57A Đường Tháp Mười, Phường Bình Tây, Thành phố Hồ Chí Minh",Quận 6,Bình Tây,Miễn phí tham quan; chi phí tùy dịch vụ,1–3 giờ,Người thích mua sắm; Khách du lịch; Nhóm bạn
8556994,amaï,Cửa hàng đặc sản & cửa hàng quà tặng,"83 Xuân Thủy Thảo Điền, Quận 2, Thành phố Hồ Chí Minh, 700000","94 Xuân Thuỷ, Phường An Khánh, Thành phố Hồ Chí Minh",Quận 2,An Khánh,100.000–500.000 VNĐ,1–2 giờ,Khách du lịch; Cặp đôi; Nhóm bạn
27296727,Amaï Dong Khoi,Cửa hàng đặc sản & cửa hàng quà tặng,"Đường Đồng Khởi 76 Đồng Khởi, P. Bến Nghé, Quận 1, Thành phố Hồ Chí Minh, 71006","66-70 Ðồng Khởi, Phường Sài Gòn, Thành phố Hồ Chí Minh",Quận 1,Sài Gòn,100.000–500.000 VNĐ,1–2 giờ,Khách du lịch; Cặp đôi; Nhóm bạn
14776389,Provincial Table Cooking Class,Lớp nấu ăn,"131/3 Nguyễn Thị Minh Khai , Thành phố Hồ Chí Minh, 700000","Đường Nguyễn Thị Minh Khai, Phường Bến Thành, Thành phố Hồ Chí Minh",Quận 1,Bến Thành,500.000–1.500.000 VNĐ,2–4 giờ,Khách quốc tế; Người yêu ẩm thực; Gia đình
2414430,Công Viên Tao Đàn,Công viên,"Ð Nguyen Thi Minh Khai , Thành phố Hồ Chí Minh, 700000","264A-264B-264C Đường Nguyễn Thị Minh Khai, Phường Xuân Hòa, Thành phố Hồ Chí Minh",Quận 3,Xuân Hòa,100.000–500.000 VNĐ,1–2 giờ,Khách du lịch; Cặp đôi; Nhóm bạn
17604040,Best Vietnam Bike Tours,Chuyến tham quan bằng xe đạp,"Ho Hoc Lam Ehome 3, Thành phố Hồ Chí Minh, 700000","36A Nguyễn Gia Trí, Phường Thạnh Mỹ Tây, Thành phố Hồ Chí Minh",Quận Bình Thạnh,Thạnh Mỹ Tây,300.000–2.000.000+ VNĐ,3–8 giờ,Khách du lịch; Cặp đôi; Nhóm bạn
28120938,Hoang's Kitchen Cooking Class,Lớp nấu ăn,"45 Thu Khoa Huan street, Ben Thanh ward, District 1 45 Thu Khoa Huan Street, Thành phố Hồ Chí Minh, 700000","45 Thu Khoa Huan street, Ben Thanh ward, District 1 45 Thu Khoa Huan Street, Thành phố Hồ Chí Minh, 700000",Quận 1,Bến Thành,500.000–1.500.000 VNĐ,2–4 giờ,Khách quốc tế; Người yêu ẩm thực; Gia đình
25188298,La Spa Sai Gon,Spa,"182 Lý Tự Trọng, Phường Bến Thành Quận 1, Thành phố Hồ Chí Minh, 00700","189-191 Lý Tự Trọng, Phường Bến Thành, Thành phố Hồ Chí Minh",Quận 1,Bến Thành Quận 1,300.000–1.500.000 VNĐ,1–2 giờ,Người trưởng thành; Cặp đôi; Khách muốn thư giãn
7700073,Quán cafe EON,Quán cà phê,"02 Hai Trieu st, Ben Nghe Ward, District1 Level 50, Bitexco Financial Tower, Thành phố Hồ Chí Minh, 70000","61 Hồ Tùng Mậu, Phường Sài Gòn, Thành phố Hồ Chí Minh",Quận 1,Sài Gòn,100.000–500.000 VNĐ,1–2 giờ,Khách du lịch; Cặp đôi; Nhóm bạn
2407915,Mariamman Hindu Temple,Địa điểm tôn giáo,"45 Trương Định , Thành phố Hồ Chí Minh, 70000","45 Trương Định, Phường Bến Thành, Thành phố Hồ Chí Minh",Quận 1,Bến Thành,Miễn phí hoặc tùy hoạt động,"30 phút–1,5 giờ",Khách quan tâm văn hóa; Tín ngưỡng; Khách du lịch
15592702,Euphorea Salon and Spa,Spa,"392/5, Ung Văn Khiêm Phường 25, Quận Bình Thạnh, Thành phố Hồ Chí Minh","667 Hẻm 677 Điện Biên Phủ, Phường Thạnh Mỹ Tây, Thành phố Hồ Chí Minh",Quận Bình Thạnh,Thạnh Mỹ Tây,300.000–1.500.000 VNĐ,1–2 giờ,Người trưởng thành; Cặp đôi; Khách muốn thư giãn
12226320,Tour Guide In Saigon,"Tour thăm quan thành phố • Chuyến tham quan quán bar, câu lạc bộ & quán rượu","29, Binh Phu st, Ward 10, distrct 6 , Thành phố Hồ Chí Minh, 700000","201-203 Cách Mạng Tháng Tám, Phường Xuân Hòa, Thành phố Hồ Chí Minh",Quận 10,Xuân Hòa,300.000–2.000.000+ VNĐ,3–8 giờ,Người trưởng thành; Nhóm bạn; Khách yêu thích nightlife
6994939,Thuy Design House,Cửa hàng đặc sản & cửa hàng quà tặng,"44B Lý Tự Trọng Ben Nghe Ward, District 1, Thành phố Hồ Chí Minh, 70000","40A - 40B Lý Tự Trọng, Phường Sài Gòn, Thành phố Hồ Chí Minh",Quận 1,Sài Gòn,100.000–500.000 VNĐ,1–2 giờ,Khách du lịch; Cặp đôi; Nhóm bạn
10455052,Spa Gallery,Spa,"15B Thi Sách, Quận 1 , Thành phố Hồ Chí Minh, 700000","15C4 Thi Sách, Thành phố Hồ Chí Minh",Quận 1,Sài Gòn,300.000–1.500.000 VNĐ,1–2 giờ,Người trưởng thành; Cặp đôi; Khách muốn thư giãn
7396352,Temple Tree Spa,Spa,"17 Đông Du Quận 1, Thành phố Hồ Chí Minh, 70000","15 Đông Du, Phường Sài Gòn, Thành phố Hồ Chí Minh",Quận 1,Sài Gòn,300.000–1.500.000 VNĐ,1–2 giờ,Người trưởng thành; Cặp đôi; Khách muốn thư giãn
11612118,Vietnam Budget Car Rental,Tour thăm quan thành phố • Chuyến tham quan văn hóa,"Thành phố Hồ Chí Minh, 700000","45 Lý Chính Thắng, Thành phố Hồ Chí Minh",Quận 3,Xuân Hòa,300.000–2.000.000+ VNĐ,3–8 giờ,Khách du lịch; Cặp đôi; Nhóm bạn
6498863,AAA Spa,Spa,"133 Bùi Viện, Phạm Ngũ Lão, Quận 1 , Thành phố Hồ Chí Minh, 70000","176 Đường Bùi Viện, Thành phố Hồ Chí Minh",Quận 1,Bến Thành,300.000–1.500.000 VNĐ,1–2 giờ,Người trưởng thành; Cặp đôi; Khách muốn thư giãn
11746398,Golden Lotus Healing World,Spa,"16A, Street No. 10, Thao Dien Ward, Thu Duc City, Ho Chi Minh City , Thành phố Hồ Chí Minh, 700000","15A-15B Đường Số 11, Phường An Khánh, Thành phố Hồ Chí Minh",TP Thủ Đức,An Khánh,300.000–1.500.000 VNĐ,1–2 giờ,Người trưởng thành; Cặp đôi; Khách muốn thư giãn
24122789,Saigonbiketours,Tour thăm quan thành phố • Chuyến tham quan lịch sử & di sản,"352/6 Nguyễn Đình Chiểu, Phường 4, Quận 3 , Thành phố Hồ Chí Minh, 70000","352/6 Nguyễn Đình Chiểu, Phường 4, Quận 3 , Thành phố Hồ Chí Minh, 70000",Quận 3,Bàn Cờ,300.000–2.000.000+ VNĐ,3–8 giờ,Khách du lịch; Cặp đôi; Nhóm bạn
25572460,1st Football Store Thach Thi Thanh,Cửa hàng đặc sản & cửa hàng quà tặng,"90F Thạch Thị Thanh Phường Tân Định, Quận 1, Thành phố Hồ Chí Minh, 700000","6 Huyền Quang, Phường Tân Định, Thành phố Hồ Chí Minh",Quận 1,Tân Định,100.000–500.000 VNĐ,1–2 giờ,Khách du lịch; Cặp đôi; Nhóm bạn
7109031,Apocalypse Now Bar,Quán bar & câu lạc bộ,"2F Thi Sách , Thành phố Hồ Chí Minh, 700000","Thi Sách, Phường Sài Gòn, Thành phố Hồ Chí Minh",Quận 1,Sài Gòn,100.000–500.000 VNĐ,2–4 giờ,Người trưởng thành; Nhóm bạn; Khách yêu thích nightlife
5501655,Maika Tours,Tour thăm quan thành phố • Chuyến tham quan nhiều ngày,"778 Nguyen Trai, Ward 11, District 5 , Thành phố Hồ Chí Minh, 700000","Khu B, Thành phố Hồ Chí Minh",Quận 5,Phường 11,300.000–2.000.000+ VNĐ,3–8 giờ,Khách du lịch; Cặp đôi; Nhóm bạn
12204583,Tour With Xuan,Tour thăm quan thành phố • Chuyến tham quan đi dạo,Thành phố Hồ Chí Minh,"402 Lý Thái Tổ, Phường Vườn Lài, Thành phố Hồ Chí Minh",Quận 10,Vườn Lài,300.000–2.000.000+ VNĐ,3–8 giờ,Khách du lịch; Cặp đôi; Nhóm bạn
1636752,Water puppet show at Thao Dien Village,Rạp hát kiêm nhà hàng,"195 Nguyen Van Huong Thao Dien Ward, District 2, Thành phố Hồ Chí Minh, 70000","55B Đường Nguyễn Thị Minh Khai, Phường Bến Thành, Thành phố Hồ Chí Minh",Quận 2,Bến Thành,300.000–1.500.000 VNĐ,1–2 giờ,Khách du lịch; Cặp đôi; Nhóm bạn
17548235,Spring Saigon Tours,Chuyến tham quan đi dạo • Chuyến tham quan ban đêm,"Kido flagship store 56 Nguyen Trai street, District 1, Thành phố Hồ Chí Minh, 700000","XX1 Đồng Nai, Thành phố Hồ Chí Minh",Quận 1,An Đông,300.000–2.000.000+ VNĐ,3–8 giờ,Khách du lịch; Cặp đôi; Nhóm bạn
2435402,Ann Tours,Chuyến tham quan văn hóa • Chuyến tham quan ngắm cảnh,"58 Ton That Tung Ben Thanh, District 1, Thành phố Hồ Chí Minh","24 Tôn Thất Tùng, Phường Bến Thành, Thành phố Hồ Chí Minh",Quận 1,Bến Thành,300.000–2.000.000+ VNĐ,3–8 giờ,Khách du lịch; Cặp đôi; Nhóm bạn
33357814,Note - The Scent Lab Nguyen Hue,Buổi học & hội thảo,"42 Nguyen Hue, Saigon Ward 2nd Floor, Inside The Cafe Apartment, Thành phố Hồ Chí Minh, 70000","40 Nguyễn Huệ, Thành phố Hồ Chí Minh",Quận 1,Sài Gòn,100.000–500.000 VNĐ,1–2 giờ,Khách du lịch; Cặp đôi; Nhóm bạn
13442216,Fisheye Travel Speedboat Tours,Chuyến tham quan bằng thuyền • Chuyến tham quan bằng tàu cao tốc,Thành phố Hồ Chí Minh,"68a Nguyễn Huệ, Phường Sài Gòn, Thành phố Hồ Chí Minh",Quận 1,Sài Gòn,300.000–2.000.000+ VNĐ,3–8 giờ,Khách du lịch; Cặp đôi; Nhóm bạn
2559479,"""Mai"" Home - The Saigon Culinary Art Centre",Lớp nấu ăn,"269 Bis Nguyễn Trãi Phường Nguyễn Cư Trinh, Quận 1, Thành phố Hồ Chí Minh, 700000","261 Đường Nguyễn Trãi, Phường Cầu Ông Lãnh, Thành phố Hồ Chí Minh",Quận 1,Nguyễn Cư Trinh,100.000–500.000 VNĐ,1–2 giờ,Khách du lịch; Cặp đôi; Nhóm bạn
15681266,Guided Tours Vietnam,Chuyến tham quan bằng thuyền • Chuyến tham quan ngắm cảnh,"10 Le Lai St, Ben Thanh Ward, Dist 1 , Thành phố Hồ Chí Minh, 700000","1-3 Đường Lê Lai, Phường Bến Thành, Thành phố Hồ Chí Minh",Quận 1,Bến Thành,300.000–2.000.000+ VNĐ,3–8 giờ,Khách du lịch; Cặp đôi; Nhóm bạn
25234074,EVT Travel,Chuyến tham quan ngắm cảnh,"18Đ. Tôn Đức Thắng, Bến Nghé, Quận 1 Riverside Hotel, Thành phố Hồ Chí Minh, 700000","17 Tôn Ðức Thắng, Phường Sài Gòn, Thành phố Hồ Chí Minh",Quận 1,Sài Gòn,300.000–2.000.000+ VNĐ,3–8 giờ,Khách du lịch; Cặp đôi; Nhóm bạn
10767864,Rocky Spa,Spa,"98Gbis Lê Lai, Phường Bến Thành, Quận 1 , Thành phố Hồ Chí Minh, 700000","96/7 Đường Lê Lai, Phường Bến Thành, Thành phố Hồ Chí Minh",Quận 1,Bến Thành,300.000–1.500.000 VNĐ,1–2 giờ,Người trưởng thành; Cặp đôi; Khách muốn thư giãn
3959210,Saigon Riders,Chuyến tham quan nhiều ngày • Chuyến tham quan văn hóa,"Thành phố Hồ Chí Minh, 700900","27 Ngô Ðức Kế, Thành phố Hồ Chí Minh",Quận 1,Sài Gòn,300.000–2.000.000+ VNĐ,3–8 giờ,Khách du lịch; Cặp đôi; Nhóm bạn
5461656,Vietnam Original Travel,Tour thăm quan thành phố • Chuyến tham quan văn hóa,"155 Van Don, Dist 4, Ho Chi Minh Suite B-11.25, River Gate Residence, Thành phố Hồ Chí Minh, 700000","Đường N2, Phường Long Trường, Thành phố Hồ Chí Minh",TP Thủ Đức,Long Trường,300.000–2.000.000+ VNĐ,3–8 giờ,Khách du lịch; Cặp đôi; Nhóm bạn
9806454,Sông Sài Gòn,Vùng nước • Điểm thu hút khách tham quan & thắng cảnh,Thành phố Hồ Chí Minh,"Bưng Còng, Phường Tây Nam, Bưng Còng, Thành phố Hồ Chí Minh",Huyện Cần Giờ,Tây Nam,300.000–2.000.000+ VNĐ,3–8 giờ,Khách du lịch; Cặp đôi; Nhóm bạn
11918882,Du Lịch Nam Á Châu,Tour thăm quan thành phố • Chuyến tham quan ngắm cảnh,"219 Phạm Ngũ Lão Bến Thành Ward, Thành phố Hồ Chí Minh, 710009","209 Đường Phạm Ngũ Lão, Phường Bến Thành, Thành phố Hồ Chí Minh",Quận 1,Bến Thành,300.000–2.000.000+ VNĐ,3–8 giờ,Khách du lịch; Cặp đôi; Nhóm bạn
9715545,Ảnh Việt Tourist,Tour thăm quan thành phố • Chuyến tham quan bằng xe buýt du lịch,Thành phố Hồ Chí Minh,"247 Ðiện Biên Phủ, Phường Vườn Lài, Thành phố Hồ Chí Minh",Quận 10,Vườn Lài,300.000–2.000.000+ VNĐ,3–8 giờ,Khách du lịch; Cặp đôi; Nhóm bạn
19408793,Mido  Spa,Spa,"122 Yersin , Thành phố Hồ Chí Minh, 70000","7 Thủ Khoa Huân, Thành phố Hồ Chí Minh",Quận 1,Bến Thành,300.000–1.500.000 VNĐ,1–2 giờ,Người trưởng thành; Cặp đôi; Khách muốn thư giãn
5921457,Beautiful Saigon Spa,Spa,"72 Bui Vien St, PNL ward, Dist 1, Thành phố Hồ Chí Minh, 70000","31 Đường Bùi Viện, Phường Bến Thành, Thành phố Hồ Chí Minh",Quận 1,Bến Thành,300.000–1.500.000 VNĐ,1–2 giờ,Người trưởng thành; Cặp đôi; Khách muốn thư giãn
15296299,Lotus Cruises,Chuyến tham quan bằng thuyền,"Thành phố Hồ Chí Minh, 700000","47 Cao Triều Phát, Phường Tân Hưng, Thành phố Hồ Chí Minh",Quận 7,Tân Hưng,300.000–2.000.000+ VNĐ,3–8 giờ,Khách du lịch; Cặp đôi; Nhóm bạn
11899009,Coco Care Spa,Spa,"98G Bis, Le Lai, District 1 , Thành phố Hồ Chí Minh, 700000","164 Đường Bùi Viện, Phường Bến Thành, Thành phố Hồ Chí Minh",Quận 1,Bến Thành,300.000–1.500.000 VNĐ,1–2 giờ,Người trưởng thành; Cặp đôi; Khách muốn thư giãn
2487716,Innoviet Travel,Tour thăm quan thành phố • Chuyến tham quan bằng thuyền,"55 Bis Nguyen Van Thu Street Dakao Ward, District 1, Thành phố Hồ Chí Minh, 700000","Nguyễn Văn Thủ, Phường Tân Định, Thành phố Hồ Chí Minh",Quận 1,Tân Định,300.000–2.000.000+ VNĐ,3–8 giờ,Khách du lịch; Cặp đôi; Nhóm bạn
15292553,Vegas E-gaming Club,Sòng bạc • Trung tâm trò chơi & giải trí,"Tầng 1, 19 Công Trường Lam Sơn Quận 1, Thành phố Hồ Chí Minh, 700000","Caravelle Signature, HC, Thành phố Hồ Chí Minh",Quận 1,Bến Thành,100.000–500.000 VNĐ,2–4 giờ,Người trưởng thành; Nhóm bạn; Khách yêu thích nightlife
4552853,Saigon Centre,Trung tâm mua sắm,"65 Lê Lợi , Thành phố Hồ Chí Minh, 70000","65 Lê Lợi, Phường Sài Gòn, Thành phố Hồ Chí Minh",Quận 1,Sài Gòn,100.000–500.000 VNĐ,1–2 giờ,Khách du lịch; Cặp đôi; Nhóm bạn
7065652,Bravo Indochina Tours,Tour thăm quan thành phố • Chuyến tham quan lịch sử & di sản,"Thành phố Hồ Chí Minh, 70000","4 Nguyễn Đình Chiểu, Phường Tân Định, Thành phố Hồ Chí Minh",Quận 1,Tân Định,300.000–2.000.000+ VNĐ,3–8 giờ,Khách du lịch; Cặp đôi; Nhóm bạn
2334935,Foot Massage Salon Quỳnh Như 137,Spa,"147-149 -151 Ham Nghi St Dist 1, Thành phố Hồ Chí Minh, 700000","153 Hàm Nghi, Phường Bến Thành, Thành phố Hồ Chí Minh",Quận 1,Bến Thành,300.000–1.500.000 VNĐ,1–2 giờ,Người trưởng thành; Cặp đôi; Khách muốn thư giãn
2424536,Mango Cruises,Chuyến tham quan bằng thuyền,"Thành phố Hồ Chí Minh, 700000","An Dương Vương, Thành phố Hồ Chí Minh",Quận 5,An Đông,300.000–2.000.000+ VNĐ,3–8 giờ,Khách du lịch; Cặp đôi; Nhóm bạn
10525874,Nhà may Tuyển Tailor's,Cửa hàng đặc sản & cửa hàng quà tặng,"129/4 Nguyễn Tri Phương , Thành phố Hồ Chí Minh, 700000","69 Thủ Khoa Huân, Thành phố Hồ Chí Minh",Quận 1,Bến Thành,Giá tùy sản phẩm/dịch vụ,1–2 giờ,Người thích mua sắm; Khách du lịch; Nhóm bạn
15685988,An’s Spa,Spa,"18Bis/13 Nguyễn Thị Minh Khai , Thành phố Hồ Chí Minh, 70000","Hẻm 18Bis/13 Nguyễn Thị Minh Khai, Phường Sài Gòn, Thành phố Hồ Chí Minh",Quận 1,Sài Gòn,300.000–1.500.000 VNĐ,1–2 giờ,Người trưởng thành; Cặp đôi; Khách muốn thư giãn
27936796,Frolic Bar,Quán bar & câu lạc bộ • Quầy bar dành cho người đồng tính,"151 De Tham, District 1, Ho Chi Minh City, Vietnam , Thành phố Hồ Chí Minh","151 De Tham, District 1, Ho Chi Minh City, Vietnam , Thành phố Hồ Chí Minh",Quận 1,Bến Thành,100.000–500.000 VNĐ,2–4 giờ,Người trưởng thành; Nhóm bạn; Khách yêu thích nightlife
14790505,Vietnam Tours Vip,Chuyến tham quan nhiều ngày • Chuyến tham quan văn hóa,Thành phố Hồ Chí Minh,"Nguyễn Xiển, Phường Long Bình, Thành phố Hồ Chí Minh",TP Thủ Đức,Long Bình,300.000–2.000.000+ VNĐ,3–8 giờ,Khách du lịch; Cặp đôi; Nhóm bạn
2726268,Cat Moc Spa,Spa,"61-63 Tran Dinh Xu , Thành phố Hồ Chí Minh, 84","63 Trần Đình Xu, Phường Cầu Ông Lãnh, Thành phố Hồ Chí Minh",Quận 1,Cầu Ông Lãnh,300.000–1.500.000 VNĐ,1–2 giờ,Người trưởng thành; Cặp đôi; Khách muốn thư giãn
8291676,Jason Super Star Service (SSS) - Day Tours,Tour thăm quan thành phố • Chuyến tham quan văn hóa,Thành phố Hồ Chí Minh,"32 Đường Trần Quốc Thảo, Thành phố Hồ Chí Minh",Quận 3,Xuân Hòa,300.000–2.000.000+ VNĐ,4–6 giờ,Khách du lịch; Cặp đôi; Nhóm bạn
2266103,Mekong River Cruise,Chuyến tham quan bằng thuyền,"68 Nguyen Hue st, district 1 The 2fl, Thành phố Hồ Chí Minh, 700000","Hẻm 118 Bàu Cát, Phường Bảy Hiền, Thành phố Hồ Chí Minh",Quận 1,Bảy Hiền,300.000–2.000.000+ VNĐ,3–8 giờ,Khách du lịch; Cặp đôi; Nhóm bạn
25574736,Norah Spa,Spa,"114 Le Thi Hong Gam St, Nguyen Thai Binh Ward, D.1 , Thành phố Hồ Chí Minh","55/1 Lê Thị Hồng Gấm, Phường Bến Thành, Thành phố Hồ Chí Minh",Quận 1,Bến Thành,300.000–1.500.000 VNĐ,1–2 giờ,Người trưởng thành; Cặp đôi; Khách muốn thư giãn
11622038,Takashimaya Ho Chi Minh City,Cửa hàng bách hóa • Trung tâm mua sắm,"92 - 94 Nam Ky Khoi Nghia Street District 1, Saigon Centre, Thành phố Hồ Chí Minh, 700000","65 Lê Lợi, Phường Sài Gòn, Thành phố Hồ Chí Minh",Quận 1,Sài Gòn,100.000–500.000 VNĐ,1–2 giờ,Khách du lịch; Cặp đôi; Nhóm bạn
7736325,Địa Đạo Bến Đình,Điểm thu hút khách tham quan & thắng cảnh • Chiến trường,"Đ. Tỉnh Lộ 15 , Thành phố Hồ Chí Minh","741 Tỉnh lộ 15, Xã Nhuận Đức, Thành phố Hồ Chí Minh",Huyện Củ Chi,Nhuận Đức,300.000–2.000.000+ VNĐ,3–8 giờ,Khách du lịch; Cặp đôi; Nhóm bạn
6438587,The Venerable Thich Quang Duc Monument,Điểm thu hút khách tham quan & thắng cảnh • Đài kỷ niệm & tượng,"185 Đ. Cách Mạng Tháng 8 , Thành phố Hồ Chí Minh, 70000","Công viên Thích Quảng Đức, Thành phố Hồ Chí Minh",Quận 3,Xuân Hòa,300.000–2.000.000+ VNĐ,3–8 giờ,Khách du lịch; Cặp đôi; Nhóm bạn
12924148,AIR Saigon,Quán bar & câu lạc bộ,"136-138 Lê Thị Hồng Gấm Tầng Thượng 22, Tòa Nhà Bến Thành, Quận 1, Thành phố Hồ Chí Minh, 700000","40 Ðặng Thị Nhu, Phường Bến Thành, Thành phố Hồ Chí Minh",Quận 1,Bến Thành,100.000–500.000 VNĐ,2–4 giờ,Người trưởng thành; Nhóm bạn; Khách yêu thích nightlife
33212849,Vietnam-Immi.Org,Chuyến tham quan nhiều ngày • Taxi & xe đưa đón,"No. 40 - 42, Thien Phuoc St Ward 9, Tan Binh Dist, HCMC, Vietnam , Thành phố Hồ Chí Minh, 700000","No. 40 - 42, Thien Phuoc St Ward 9, Tan Binh Dist, HCMC, Vietnam , Thành phố Hồ Chí Minh, 700000",Quận Tân Bình,Tân Sơn Hòa,300.000–2.000.000+ VNĐ,3–8 giờ,Khách du lịch; Cặp đôi; Nhóm bạn
15212886,22Spa,Spa,"100 Đề Thám Phường Cầu Ông Lãnh, Quận 1, Thành phố Hồ Chí Minh, 700000","92 Đề Thám, Phường Cầu Ông Lãnh, Thành phố Hồ Chí Minh",Quận 1,Cầu Ông Lãnh,300.000–1.500.000 VNĐ,1–2 giờ,Người trưởng thành; Cặp đôi; Khách muốn thư giãn
25406507,Dragon Sea Travel,Chuyến tham quan nhiều ngày • Chuyến tham quan cảm giác mạnh & mạo hiểm,"243 De Tham, Pham Ngu Lao Ward, District 1 , Thành phố Hồ Chí Minh, 70000","243 De Tham, Pham Ngu Lao Ward, District 1 , Thành phố Hồ Chí Minh, 70000",Quận 1,Bến Thành,300.000–2.000.000+ VNĐ,3–8 giờ,Khách du lịch; Cặp đôi; Nhóm bạn
14960488,HCM Cooking Class,Lớp nấu ăn,"107/7 Trần Văn Chẩm Phước Vĩnh An, Củ Chi, Thành phố Hồ Chí Minh, 700000","Phan Văn Khải, Xã Củ Chi, Thành phố Hồ Chí Minh",Huyện Củ Chi,Củ Chi,500.000–1.500.000 VNĐ,2–4 giờ,Khách quốc tế; Người yêu ẩm thực; Gia đình
1165087,Can Gio Mangrove Biosphere Reserve,Khu vực tự nhiên & động vật hoang dã,Thành phố Hồ Chí Minh,"Đường tỉnh 862, Thành phố Hồ Chí Minh",Huyện Cần Giờ,Cần Giờ,100.000–500.000 VNĐ,1–2 giờ,Khách du lịch; Cặp đôi; Nhóm bạn
5982006,Saigon Tours,Tour thăm quan thành phố • Chuyến tham quan văn hóa,"Ly Tu Trong, District 1 , Thành phố Hồ Chí Minh, 700000","2 Lý Tự Trọng, Phường Sài Gòn, Thành phố Hồ Chí Minh",Quận 1,Sài Gòn,300.000–2.000.000+ VNĐ,3–8 giờ,Khách du lịch; Cặp đôi; Nhóm bạn
13006978,Mr Biker Saigon,Chuyến tham quan nhiều ngày • Chuyến tham quan bằng xe đạp,"354 Võ Văn Kiệt Phường Cô Giang, Quận 1, Thành phố Hồ Chí Minh, 700000","Trường Trung học cơ sở Trung Sơn, Thành phố Hồ Chí Minh",Quận 1,Cô Giang,300.000–2.000.000+ VNĐ,3–8 giờ,Khách du lịch; Cặp đôi; Nhóm bạn
6827604,Golden Lotus Traditional Foot Massage Club,Spa tạm thời,"20 Hồ Huấn Nghiệp Q1, Thành phố Hồ Chí Minh, 70000","34 Ðồng Khởi, Phường Sài Gòn, Thành phố Hồ Chí Minh",Quận 1,Sài Gòn,300.000–1.500.000 VNĐ,1–2 giờ,Người trưởng thành; Cặp đôi; Khách muốn thư giãn
24162332,Monkee Shisha Lounge Saigon,Quán bar & câu lạc bộ,"45 Tran Hung Dao Street, District 1 , Thành phố Hồ Chí Minh","26 Đặng Thị Nhu, District 1, Ho Chi Minh City, Vietnam, Thành phố Hồ Chí Minh",Quận 1,Bến Thành,100.000–500.000 VNĐ,2–4 giờ,Người trưởng thành; Nhóm bạn; Khách yêu thích nightlife
6961416,Minh Nguyen Tailor,Cửa hàng đặc sản & cửa hàng quà tặng,"14 Thủ Khoa Huân Phường Bến Thành, Quận 1, Thành phố Hồ Chí Minh, 70000","8 Thủ Khoa Huân, Phường Bến Thành, Thành phố Hồ Chí Minh",Quận 1,Bến Thành,Giá tùy sản phẩm/dịch vụ,1–2 giờ,Người thích mua sắm; Khách du lịch; Nhóm bạn
2414201,Concept Coiffure,Spa,"48 Tran Ngoc Dien Thao Dien, Thành phố Hồ Chí Minh, Dist. 2","Trần Ngọc Diện, Phường An Khánh, Thành phố Hồ Chí Minh",Quận 2,An Khánh,300.000–1.500.000 VNĐ,1–2 giờ,Người trưởng thành; Cặp đôi; Khách muốn thư giãn
12365770,M.O.M Cooking Class,Lớp nấu ăn,"148/12 lý chính thắng Quận 3, Thành phố Hồ Chí Minh, 700000","37B Đường Cô Bắc, Phường Cầu Ông Lãnh, Thành phố Hồ Chí Minh",Quận 3,Cầu Ông Lãnh,500.000–1.500.000 VNĐ,2–4 giờ,Khách quốc tế; Người yêu ẩm thực; Gia đình
12124708,Pandaw Cruises,Chuyến tham quan bằng thuyền,"117 Nguyen Cuu Van Phuong 17, Bình Thanh, Thành phố Hồ Chí Minh","1 Tân Kỳ Tân Quý, Phường Tân Bình, Thành phố Hồ Chí Minh",Quận Bình Thạnh,Gia Định,300.000–2.000.000+ VNĐ,3–8 giờ,Khách du lịch; Cặp đôi; Nhóm bạn
25006681,Hazgen Nail Bar,Spa,"386 Võ Văn Tần, Phường 5, Quận 3 , Thành phố Hồ Chí Minh","388 Võ Văn Tần, Phường Bàn Cờ, Thành phố Hồ Chí Minh",Quận 3,Phường 5,300.000–1.500.000 VNĐ,1–2 giờ,Người trưởng thành; Cặp đôi; Khách muốn thư giãn
2187722,YKC SpaSalon,Spa,"178B Hai Bà Trưng Quận 1, Thành phố Hồ Chí Minh, 700000","176-181 Hai Bà Trưng, Phường Xuân Hòa, Thành phố Hồ Chí Minh",Quận 1,Xuân Hòa,300.000–1.500.000 VNĐ,1–2 giờ,Người trưởng thành; Cặp đôi; Khách muốn thư giãn
8602484,May Spa,Spa,"241 Lý Tự Trọng Phường Bến Thành, Quận 1, Thành phố Hồ Chí Minh, 700000","253 Lý Tự Trọng, Thành phố Hồ Chí Minh",Quận 1,Bến Thành,300.000–1.500.000 VNĐ,1–2 giờ,Người trưởng thành; Cặp đôi; Khách muốn thư giãn
12788024,Ori Nail & Spa,Spa,"22 Phạm Hồng Thái Bến Thành, Quận 1, Thành phố Hồ Chí Minh, 700000","14 Phạm Hồng Thái, Thành phố Hồ Chí Minh",Quận 1,Bến Thành,300.000–1.500.000 VNĐ,1–2 giờ,Người trưởng thành; Cặp đôi; Khách muốn thư giãn
12084531,Chợ Đêm Bến Thành,Chợ trời & chợ đường phố,"134 Đ. Nam Kỳ Khởi Nghĩa , Thành phố Hồ Chí Minh","Công trường Quách Thị Trang, Phường Bến Thành, Thành phố Hồ Chí Minh",Quận 1,Bến Thành,100.000–500.000 VNĐ,1–2 giờ,Khách du lịch; Cặp đôi; Nhóm bạn
550709,Diamond Plaza,Trung tâm mua sắm,"34 Le Duan Street District 1, Thành phố Hồ Chí Minh","34 Lê Duẩn, Thành phố Hồ Chí Minh",Quận 1,Bến Thành,100.000–500.000 VNĐ,1–2 giờ,Khách du lịch; Cặp đôi; Nhóm bạn
4597843,Binh Quoi Village,Điểm thu hút khách tham quan & thắng cảnh,"1147 Binh Quoi, Binh Thanh District , Thành phố Hồ Chí Minh, 700000","Bình Quới, Phường Bình Quới, Thành phố Hồ Chí Minh",Quận Bình Thạnh,Bình Quới,300.000–2.000.000+ VNĐ,3–8 giờ,Khách du lịch; Cặp đôi; Nhóm bạn
33235970,Hạ Spa - Massage Hochiminh City,Spa • Spa nước nóng,"49 Phạm Viết Chánh Phường Nguyễn Cư Trinh, Thành phố Hồ Chí Minh, 70000","Phạm Viết Chánh, Phường Cầu Ông Lãnh, Thành phố Hồ Chí Minh",Quận 1,Nguyễn Cư Trinh,300.000–1.500.000 VNĐ,1–2 giờ,Người trưởng thành; Cặp đôi; Khách muốn thư giãn
25303789,Note - The Scent Lab,Cửa hàng đặc sản & cửa hàng quà tặng • Buổi học & hội thảo,"34 Nguyễn Duy Hiệu , Thành phố Hồ Chí Minh, 70000","49/4 Võ Nguyên Giáp, Thành phố Hồ Chí Minh",Quận 1,Sài Gòn,100.000–500.000 VNĐ,1–2 giờ,Khách du lịch; Cặp đôi; Nhóm bạn
11544014,Saigon Private Tour Guide,Tour thăm quan thành phố • Chuyến tham quan nhiều ngày,"555 Kha Vạn Cân, Thủ Đức, Ho Chi Minh City, Vietnam , Thành phố Hồ Chí Minh, 700000","563-565 Kha Vạn Cân, Phường Thủ Đức, Thành phố Hồ Chí Minh",TP Thủ Đức,Thủ Đức,300.000–2.000.000+ VNĐ,3–8 giờ,Khách du lịch; Cặp đôi; Nhóm bạn
33972276,La Maison Saigon Spa,Spa,"40 -42 phan bội châu ,phường bến thành , Thành phố Hồ Chí Minh","30-36 Phan Bội Châu, Phường Bến Thành, Thành phố Hồ Chí Minh",Quận 1,Bến Thành,300.000–1.500.000 VNĐ,1–2 giờ,Người trưởng thành; Cặp đôi; Khách muốn thư giãn
3567267,Moc Huong Spa,Spa,"9c Ton Duc Thang Ben Nghe Ward, Thành phố Hồ Chí Minh, 0084","9-11 Tôn Đức Thắng, Phường Sài Gòn, Thành phố Hồ Chí Minh",Quận 1,Sài Gòn,300.000–1.500.000 VNĐ,1–2 giờ,Người trưởng thành; Cặp đôi; Khách muốn thư giãn
6429729,Tigit Motorbikes,Chuyến tham quan bằng mô tô • Cho thuê tiện ích,"72 Nguyễn Cơ Thạch B2-00/01 Sarimi, Quận 2, Thành phố Hồ Chí Minh, 700000","Đường số 63-TML, Phường Cát Lái, Thành phố Hồ Chí Minh",Quận 2,Cát Lái,300.000–2.000.000+ VNĐ,3–8 giờ,Khách du lịch; Cặp đôi; Nhóm bạn
19255200,Temple Leaf Spa Land Massage,Spa • Spa nước nóng,"5/7 Nguyễn Siêu Bến Nghé, Quận 1, Thành phố Hồ Chí Minh, 700000","5B Nguyễn Siêu, Phường Sài Gòn, Thành phố Hồ Chí Minh",Quận 1,Sài Gòn,300.000–1.500.000 VNĐ,1–2 giờ,Người trưởng thành; Cặp đôi; Khách muốn thư giãn
17801726,Trails Of Indochina,Tour thăm quan thành phố • Chuyến tham quan nhiều ngày,"2/27 Quach Van Tuan, Ward 12, Tan Binh District, Ho Chi Minh city , Thành phố Hồ Chí Minh, 70000","20 Cộng Hòa, Phường Bảy Hiền, Thành phố Hồ Chí Minh",Quận Tân Bình,Bảy Hiền,300.000–2.000.000+ VNĐ,3–8 giờ,Khách du lịch; Cặp đôi; Nhóm bạn
8090785,Chợ Nga,Trung tâm mua sắm,"125 Hai Bà Trưng , Thành phố Hồ Chí Minh, 700000","39 Lê Duẩn, Thành phố Hồ Chí Minh",Quận 1,Sài Gòn,100.000–500.000 VNĐ,1–2 giờ,Khách du lịch; Cặp đôi; Nhóm bạn
7310219,"Vở diễn ""Sương Sớm""",Nhà hát & biểu diễn,"7 Công Trường Lam Sơn, Quận 1 Nhà hát lớn Sài Gòn, Thành phố Hồ Chí Minh, 700000","7 Công trường Lam Sơn, Phường Sài Gòn, Thành phố Hồ Chí Minh",Quận 1,Sài Gòn,100.000–500.000 VNĐ,1–2 giờ,Khách du lịch; Cặp đôi; Nhóm bạn
3815598,Broma Not A Bar,Quán bar & câu lạc bộ,"41 Nguyen Hue Street, Ben Nghe Ward, District 1 , Thành phố Hồ Chí Minh, 70000","41 Nguyễn Huệ, Phường Sài Gòn, Thành phố Hồ Chí Minh",Quận 1,Sài Gòn,100.000–500.000 VNĐ,2–4 giờ,Người trưởng thành; Nhóm bạn; Khách yêu thích nightlife
8310942,Nhà thờ Huyện Sĩ,Địa điểm tôn giáo • Nhà thờ & nhà thờ lớn,"01 Tôn Thất Tùng, Phạm Ngũ Lão, Quận 1 , Thành phố Hồ Chí Minh, 70000","122F-122F1 Bùi Thị Xuân, Thành phố Hồ Chí Minh",Quận 1,Bến Thành,100.000–500.000 VNĐ,1–2 giờ,Khách du lịch; Cặp đôi; Nhóm bạn
1170827,L'Apothiquaire Spa,Yoga & pilate • Spa,"64A Truong Dinh, District 3 , Thành phố Hồ Chí Minh","60 Trương Định, Phường Xuân Hòa, Thành phố Hồ Chí Minh",Quận 3,Xuân Hòa,300.000–1.500.000 VNĐ,1–2 giờ,Người trưởng thành; Cặp đôi; Khách muốn thư giãn
8317497,ManGii Custom - Suit and Shoes,Cửa hàng đặc sản & cửa hàng quà tặng,"196 Lê Thánh Tôn P.Bến Thành, Quận 1, Thành phố Hồ Chí Minh, 700000","230 Lê Thánh Tôn, Phường Bến Thành, Thành phố Hồ Chí Minh",Quận 1,Bến Thành,100.000–500.000 VNĐ,1–2 giờ,Khách du lịch; Cặp đôi; Nhóm bạn
6601902,Shimmer Silver,Cửa hàng đặc sản & cửa hàng quà tặng,"128 Le Lai Street , Thành phố Hồ Chí Minh, 700000","120/1 Lê Lai, Thành phố Hồ Chí Minh",Quận 1,Bến Thành,100.000–500.000 VNĐ,1–2 giờ,Khách du lịch; Cặp đôi; Nhóm bạn
5498786,Gray Line Vietnam - Day Tours,Chuyến tham quan ngắm cảnh,"Thành phố Hồ Chí Minh, 700000","2 Thi Sách, Phường Sài Gòn, Thành phố Hồ Chí Minh",Quận 1,Sài Gòn,300.000–2.000.000+ VNĐ,4–6 giờ,Khách du lịch; Cặp đôi; Nhóm bạn
1546696,Glow Spa,Spa,"129 Nguyen Hue , Thành phố Hồ Chí Minh","53 Ðồng Khởi, Phường Sài Gòn, Thành phố Hồ Chí Minh",Quận 1,Sài Gòn,300.000–1.500.000 VNĐ,1–2 giờ,Người trưởng thành; Cặp đôi; Khách muốn thư giãn
1949590,Tricia & Verona,Cửa hàng đặc sản & cửa hàng quà tặng • Buổi trình diễn & chuyến tham quan thời trang,"56 Mac Thi Buoi Street Saigon Ward, Thành phố Hồ Chí Minh, 71000","31 Đông Du, Thành phố Hồ Chí Minh",Quận 1,Sài Gòn,300.000–2.000.000+ VNĐ,3–8 giờ,Khách du lịch; Cặp đôi; Nhóm bạn
4881460,Nhà May Phạm Minh,Cửa hàng đặc sản & cửa hàng quà tặng,"132 Pasteur Phường Bến Thành, Quận 1, Thành phố Hồ Chí Minh, 700000","128A Pasteur, Phường Sài Gòn, Thành phố Hồ Chí Minh",Quận 1,Bến Thành,Giá tùy sản phẩm/dịch vụ,1–2 giờ,Khách du lịch; Cặp đôi; Nhóm bạn
3397942,Kennoya Professional Foot Massage,Spa,"44 Ton That Thiep St Dist1 , Thành phố Hồ Chí Minh, 70000","25 Tôn Thất Thiệp, Phường Sài Gòn, Thành phố Hồ Chí Minh",Quận 1,Sài Gòn,300.000–1.500.000 VNĐ,1–2 giờ,Người trưởng thành; Cặp đôi; Khách muốn thư giãn
7158706,Tran Hung Dao Statue,Điểm thu hút khách tham quan & thắng cảnh • Đài kỷ niệm & tượng,"Ton Duc Thang, Ben Nghe , Thành phố Hồ Chí Minh, 70000","Tôn Đức Thắng, Phường Sài Gòn, Thành phố Hồ Chí Minh",Quận 1,Sài Gòn,300.000–2.000.000+ VNĐ,3–8 giờ,Khách du lịch; Cặp đôi; Nhóm bạn
16159007,Indochina Charm Travel (HCMC Branch),Chuyến tham quan nhiều ngày • Taxi & xe đưa đón,"1st Floor, Packsimex Building, 52 Dong Du St., Ben Nghe Ward, District 1 , Thành phố Hồ Chí Minh, 70000","19 Đông Du, Phường Sài Gòn, Thành phố Hồ Chí Minh",Quận 1,Sài Gòn,300.000–2.000.000+ VNĐ,3–8 giờ,Khách du lịch; Cặp đôi; Nhóm bạn
311092,Cong Vien Van Hoa Park,Công viên,"115 Nguyen Du St District 1, Thành phố Hồ Chí Minh, 70000","117-121 Nguyễn Du, Thành phố Hồ Chí Minh",Quận 1,Sài Gòn,100.000–500.000 VNĐ,1–2 giờ,Khách du lịch; Cặp đôi; Nhóm bạn
18207039,DC Saigontours,Chuyến tham quan bằng xe đạp • Chuyến tham quan đi dạo,"12 Street District 9, Thành phố Hồ Chí Minh, 700000","Đường 12E, Phường Long Bình, Thành phố Hồ Chí Minh",Quận 9,Long Bình,300.000–2.000.000+ VNĐ,3–8 giờ,Khách du lịch; Cặp đôi; Nhóm bạn
12719595,Drink Vietnam,Cửa hàng đặc sản & cửa hàng quà tặng • Viện bảo tàng chuyên ngành,"6/15 Cách Mạng Tháng Tám Bến Thành, Quận 1, Thành phố Hồ Chí Minh, 700000","6/6 Hẻm 6 Cách Mạng Tháng 8, Phường Bến Thành, Thành phố Hồ Chí Minh",Quận 1,Bến Thành,100.000–500.000 VNĐ,1–2 giờ,Khách du lịch; Cặp đôi; Nhóm bạn
4237570,Cycloresto Cooking Class,Tour thăm quan thành phố • Lớp nấu ăn,"33A Đặng Trần Côn Bến Thành, Quận 1, Thành phố Hồ Chí Minh, 70000","139 Nguyễn Du, Phường Bến Thành, Thành phố Hồ Chí Minh",Quận 1,Bến Thành,500.000–1.500.000 VNĐ,2–4 giờ,Khách quốc tế; Người yêu ẩm thực; Gia đình
1371527,Enjoy Massage Therapy,Spa,"15A/8 - 15B3 - 15B10 Le Thanh Ton street Ben Nghe Ward, Thành phố Hồ Chí Minh, 700000","17/5 Đường Lê Thánh Tôn, Thành phố Hồ Chí Minh",Quận 1,Sài Gòn,300.000–1.500.000 VNĐ,1–2 giờ,Người trưởng thành; Cặp đôi; Khách muốn thư giãn
11918966,The Spa at The Reverie Saigon,Spa,"22 – 36 Nguyen Hue Boulevard & 57 – 69F Dong Khoi Street , Thành phố Hồ Chí Minh","22-36 Nguyễn Huệ, Phường Sài Gòn, Thành phố Hồ Chí Minh",Quận 1,Sài Gòn,300.000–1.500.000 VNĐ,1–2 giờ,Người trưởng thành; Cặp đôi; Khách muốn thư giãn
34064312,Saigon Ebike Tours,Tour thăm quan thành phố • Chuyến tham quan bằng mô tô,"103 Pham Ngu Lao Street, District 1 , Thành phố Hồ Chí Minh, 700000","119 Đường Yersin, Phường Bến Thành, Thành phố Hồ Chí Minh",Quận 1,Bến Thành,300.000–2.000.000+ VNĐ,3–8 giờ,Khách du lịch; Cặp đôi; Nhóm bạn
12600679,Metiseko - Saigon,Cửa hàng đặc sản & cửa hàng quà tặng,"101 Dong Khoi Bến Nghé, Thành phố Hồ Chí Minh, 700000","84 Mạc Thị Bưởi, Phường Sài Gòn, Thành phố Hồ Chí Minh",Quận 1,Sài Gòn,100.000–500.000 VNĐ,1–2 giờ,Khách du lịch; Cặp đôi; Nhóm bạn
23718217,The Privé Spa | International Nail Care & Spa | Thao Dien (D2),Spa,"40 Đ. SỐ 41 THẢO ĐIỀN, Thành phố Hồ Chí Minh, 700000","51 Hẻm 42 đường số 41, Phường An Khánh, Thành phố Hồ Chí Minh",TP Thủ Đức,An Khánh,300.000–1.500.000 VNĐ,1–2 giờ,Người trưởng thành; Cặp đôi; Khách muốn thư giãn
2357145,Cong Vien 23 Thang 9,Công viên,"Pham Ngu Lao, Dist1 , Thành phố Hồ Chí Minh","119 Yersin, Thành phố Hồ Chí Minh",Quận 1,Bến Thành,100.000–500.000 VNĐ,1–2 giờ,Khách du lịch; Cặp đôi; Nhóm bạn
7596221,Saigon Kitsch,Cửa hàng đặc sản & cửa hàng quà tặng,"43 Ton That Thiep, Dist1 , Thành phố Hồ Chí Minh, 70000","29 Tôn Thất Thiệp, Thành phố Hồ Chí Minh",Quận 1,Sài Gòn,100.000–500.000 VNĐ,1–2 giờ,Khách du lịch; Cặp đôi; Nhóm bạn
25551844,Hạ Spa - Massage Ho Chi Minh City,Spa,"334 Nguyễn Trọng Tuyển Phường 2, Thành phố Hồ Chí Minh, 700000","330 Nguyễn Trọng Tuyển, Phường Tân Sơn Hòa, Thành phố Hồ Chí Minh",Quận Tân Bình,Tân Sơn Hòa,300.000–1.500.000 VNĐ,1–2 giờ,Người trưởng thành; Cặp đôi; Khách muốn thư giãn
25090493,Hum Spa,Spa • Spa nước nóng,"114 Lê Thị Riêng Phường Bến Thành, Quận 1, Thành phố Hồ Chí Minh, 700000","29-31 Bùi Thị Xuân, Thành phố Hồ Chí Minh",Quận 1,Bến Thành,300.000–1.500.000 VNĐ,1–2 giờ,Người trưởng thành; Cặp đôi; Khách muốn thư giãn
8517570,Saigon Sports Club,Câu lạc bộ sức khỏe,"514B Huynh Tan Phat Street , Thành phố Hồ Chí Minh, 72914","Hẻm 514b Huỳnh Tấn Phát, Phường Tân Thuận, Thành phố Hồ Chí Minh",Quận 7,Tân Thuận,100.000–500.000 VNĐ,2–4 giờ,Người trưởng thành; Nhóm bạn; Khách yêu thích nightlife
26805055,La Victoire E-Gaming Club,Sòng bạc,"Ton Duc Thang 3c, Thành phố Hồ Chí Minh, 71006","3C Tôn Đức Thắng, Phường Sài Gòn, Thành phố Hồ Chí Minh",Quận 1,Sài Gòn,100.000–500.000 VNĐ,2–4 giờ,Người trưởng thành; Nhóm bạn; Khách yêu thích nightlife
311100,Bảo Tàng Thành Phố Hồ Chí Minh,Viện bảo tàng lịch sử,"01 Nguyễn Tất Thành, phường 12, Q.4 , Thành phố Hồ Chí Minh, 700000","Nguyễn Tất Thành, Phường Xóm Chiếu, Thành phố Hồ Chí Minh",Quận 4,Xóm Chiếu,100.000–500.000 VNĐ,1–2 giờ,Khách du lịch; Cặp đôi; Nhóm bạn
6403614,Aeon Mall Tan Phu Celadon Shopping Center,Trung tâm mua sắm,"30 Đ. Tân Thắng , Thành phố Hồ Chí Minh","30 Lối ra, Phường Tân Sơn Nhì, Thành phố Hồ Chí Minh",Quận Tân Phú,Tân Sơn Nhì,Giá tùy sản phẩm/dịch vụ,1–3 giờ,Người thích mua sắm; Khách du lịch; Nhóm bạn
11741717,KaT Jewelry,Cửa hàng đặc sản & cửa hàng quà tặng,"179B Cach Mang Thang Tam, Phường 5, Quận 3 , Thành phố Hồ Chí Minh, 700000","66 Đường Cách Mạng Tháng Tám, Thành phố Hồ Chí Minh",Quận 3,Phường 5,100.000–500.000 VNĐ,1–2 giờ,Khách du lịch; Cặp đôi; Nhóm bạn
27415839,Phương's Retro Bar,Quán bar & câu lạc bộ • Đồ ăn & đồ uống khác,"152 Ly Tu Trong Ben Thanh Ward, District 1, Thành phố Hồ Chí Minh, 70000","158 Lý Tự Trọng, Phường Bến Thành, Thành phố Hồ Chí Minh",Quận 1,Bến Thành,100.000–500.000 VNĐ,2–4 giờ,Người trưởng thành; Nhóm bạn; Khách yêu thích nightlife
14116019,Zen Spa - Foot & Body Massage,Spa,"244 Đề Thám Pham Ngu Lao Ward, Thành phố Hồ Chí Minh, 700000","207 Ðề Thám, Phường Bến Thành, Thành phố Hồ Chí Minh",Quận 1,Bến Thành,300.000–1.500.000 VNĐ,1–2 giờ,Người trưởng thành; Cặp đôi; Khách muốn thư giãn
33677575,Metashow Exhibition,Viện bảo tàng nghệ thuật,"10, Đ. Mai Chí Thọ 4th Floor, Thiso Mall Sala, Thành phố Hồ Chí Minh, 700000","10 Đ Mai Chí Thọ, Phường An Khánh, Thành phố Hồ Chí Minh",TP Thủ Đức,An Khánh,300.000–1.500.000 VNĐ,1–2 giờ,Khách du lịch; Cặp đôi; Nhóm bạn
12374411,Lá Sen Spa,Spa,"104 A Xuân Thủy, P Thảo Điền, Q 2 , Thành phố Hồ Chí Minh","104a Xuân Thuỷ, Phường An Khánh, Thành phố Hồ Chí Minh",TP Thủ Đức,An Khánh,300.000–1.500.000 VNĐ,1–2 giờ,Người trưởng thành; Cặp đôi; Khách muốn thư giãn
8432743,Thi Bar,Quán bar & câu lạc bộ,"224 Đề Thám Phường Phạm Ngũ Lão, Quận 1, Thành phố Hồ Chí Minh, 700000","224 Đường Ðề Thám, Thành phố Hồ Chí Minh",Quận 1,Phạm Ngũ Lão,100.000–500.000 VNĐ,2–4 giờ,Người trưởng thành; Nhóm bạn; Khách yêu thích nightlife
4771094,Viet Thanh Silk - Tailor,Cửa hàng đặc sản & cửa hàng quà tặng,"129 Lê Thánh Tôn Gần  Norfolk Hotel, Thành phố Hồ Chí Minh, 700000","36 Bis/2 Lê Lợi, Phường Sài Gòn, Thành phố Hồ Chí Minh",Quận 1,Sài Gòn,Giá tùy sản phẩm/dịch vụ,1–2 giờ,Người thích mua sắm; Khách du lịch; Nhóm bạn
7228353,Gallery Drinkery,Quán bar & câu lạc bộ,"64 Ton That Thiep Ben Nghe, Quan 1, Thành phố Hồ Chí Minh, 70000","66 Tôn Thất Thiệp, Phường Sài Gòn, Thành phố Hồ Chí Minh",Quận 1,Sài Gòn,Giá tùy sản phẩm/dịch vụ,2–4 giờ,Người trưởng thành; Nhóm bạn; Khách yêu thích nightlife
6364047,Lush,Quán bar & câu lạc bộ,"2 Ly Tu Trong , Thành phố Hồ Chí Minh, 70000","2 Lý Tự Trọng, Phường Sài Gòn, Thành phố Hồ Chí Minh",Quận 1,Sài Gòn,100.000–500.000 VNĐ,2–4 giờ,Người trưởng thành; Nhóm bạn; Khách yêu thích nightlife
10844679,Mekong Travel,Tour thăm quan thành phố • Chuyến tham quan nhiều ngày,Thành phố Hồ Chí Minh,"925A Trường Chinh, Phường Tây Thạnh, Thành phố Hồ Chí Minh",Quận Tân Phú,Tây Thạnh,300.000–2.000.000+ VNĐ,3–8 giờ,Khách du lịch; Cặp đôi; Nhóm bạn
7907864,Chua Van Phat - Temple of Ten Thousand Buddhas,Điểm thu hút khách tham quan & thắng cảnh • Tòa nhà kiến trúc,"66 Nghia Thuc Street District 5, Thành phố Hồ Chí Minh, 70000","14 Đường Nghĩa Thục, Phường An Đông, Thành phố Hồ Chí Minh",Quận 5,An Đông,300.000–2.000.000+ VNĐ,3–8 giờ,Khách du lịch; Cặp đôi; Nhóm bạn
4411306,Carmen Bar,Quán bar & câu lạc bộ • Rạp hát kiêm nhà hàng,"8 Lý Tự Trọng phường Bến Nghé, quận 1, Thành phố Hồ Chí Minh, 700000","9-11 Lý Tự Trọng, Phường Sài Gòn, Thành phố Hồ Chí Minh",Quận 1,Bến Nghé,100.000–500.000 VNĐ,2–4 giờ,Người trưởng thành; Nhóm bạn; Khách yêu thích nightlife
16770255,Beetrip,Tour thăm quan thành phố • Chuyến tham quan nhiều ngày,"S4-S5 Ba Vi Street, Ward 15, District 10 2nd Floor, Thành phố Hồ Chí Minh, 700000","Cư xá Bắc Hải, Phường Hòa Hưng, Thành phố Thủ Đức, Phường Hòa Hưng, Thành phố Hồ Chí Minh",Quận 10,Phường 15,300.000–2.000.000+ VNĐ,3–8 giờ,Khách du lịch; Cặp đôi; Nhóm bạn
6602281,Saigon Central Mosque,Điểm thu hút khách tham quan & thắng cảnh • Địa điểm tôn giáo,"66 Dong Du Street, Dist 1 , Thành phố Hồ Chí Minh, 70000","39 Đông Du, Phường Sài Gòn, Thành phố Hồ Chí Minh",Quận 1,Sài Gòn,300.000–2.000.000+ VNĐ,3–8 giờ,Khách du lịch; Cặp đôi; Nhóm bạn
25169046,Réhahn Gallery,Phòng trưng bày nghệ thuật,"74 Đồng Khởi Bến Nghé, Quận 1, Thành phố Hồ Chí Minh, 711000","1A Trần Não, Phường An Khánh, Thành phố Hồ Chí Minh",Quận 1,An Khánh,Giá tùy sản phẩm/dịch vụ,1–2 giờ,Khách du lịch; Cặp đôi; Nhóm bạn
317889,Giac Lam Pagoda,Địa điểm tôn giáo,"565 Lạc Long Quân , Thành phố Hồ Chí Minh, 700000","Hẻm 565 Lạc Long Quân, Phường Bảy Hiền, Thành phố Hồ Chí Minh",Quận Tân Bình,Bảy Hiền,100.000–500.000 VNĐ,1–2 giờ,Khách du lịch; Cặp đôi; Nhóm bạn
14054034,Lua's Kitchen - Vietnamese Homestyle Cooking Class,Buổi học & hội thảo • Lớp nấu ăn,"135/1/72 Đ. Nguyễn Hữu Cảnh Phường 22, Bình Thạnh, Thành phố Hồ Chí Minh, 700000","135 Nguyễn Hữu Cảnh, Thành phố Hồ Chí Minh",Quận Bình Thạnh,Gia Định,500.000–1.500.000 VNĐ,2–4 giờ,Khách quốc tế; Người yêu ẩm thực; Gia đình
25354953,Sol Spa - Saigon Liberty Riverside,Spa,"17 Ton Duc Thang Rd, Phu Thuan Ward, District 1 , Thành phố Hồ Chí Minh","17 Tôn Ðức Thắng, Phường Sài Gòn, Thành phố Hồ Chí Minh",Quận 1,Sài Gòn,300.000–1.500.000 VNĐ,1–2 giờ,Người trưởng thành; Cặp đôi; Khách muốn thư giãn
2385857,Chua Vinh Nghiem,Địa điểm tôn giáo,"339 Nam Ky Khoi Nghia, Q.3 , Thành phố Hồ Chí Minh, 70000","Cầu Công Lý, Phường Phú Nhuận, Thành phố Hồ Chí Minh",Quận Phú Nhuận,Phú Nhuận,100.000–500.000 VNĐ,1–2 giờ,Khách du lịch; Cặp đôi; Nhóm bạn
3763209,Duy Tan - Saigon Artisan,Cửa hàng đặc sản & cửa hàng quà tặng,"84 Lê Lợi Quận 1, Thành phố Hồ Chí Minh, 77000","70B Lê Lợi, Phường Bến Thành, Thành phố Hồ Chí Minh",Quận 1,Bến Thành,100.000–500.000 VNĐ,1–2 giờ,Khách du lịch; Cặp đôi; Nhóm bạn
8262761,Golden Lotus Spa & Massage,Spa tạm thời,"17/5 Lê Thánh Tôn, Quận 1 , Thành phố Hồ Chí Minh, 70000","10AB Thái Văn Lung, Thành phố Hồ Chí Minh",Quận 1,Sài Gòn,300.000–1.500.000 VNĐ,1–2 giờ,Người trưởng thành; Cặp đôi; Khách muốn thư giãn
33222223,Nara Spa - Wellness Spa In District 3,Spa,"595/74 Nguyễn Đình Chiểu, Phường 2, Quận 3 , Thành phố Hồ Chí Minh, 700000","577 Hẻm 585 Nguyễn Ðình Chiểu, Phường Bàn Cờ, Thành phố Hồ Chí Minh",Quận 3,Phường 2,300.000–1.500.000 VNĐ,1–2 giờ,Người trưởng thành; Cặp đôi; Khách muốn thư giãn
19259802,Fame Nails,Spa,"18 Phạm Hồng Thái Phường Bến Thành, Thành phố Hồ Chí Minh, 700000","58 Mạc Thị Bưởi, Phường Sài Gòn, Thành phố Hồ Chí Minh",Quận 1,Bến Thành,300.000–1.500.000 VNĐ,1–2 giờ,Người trưởng thành; Cặp đôi; Khách muốn thư giãn
18314088,Landmark 81 SkyView,Đài & tháp quan sát,"720A Dien Bien Phu , Thành phố Hồ Chí Minh, 72300","720A Điện Biên Phủ, Phường Thạnh Mỹ Tây, Thành phố Hồ Chí Minh",Quận Bình Thạnh,Thạnh Mỹ Tây,200.000–500.000 VNĐ,1–2 giờ,Khách du lịch; Cặp đôi; Nhóm bạn
13871488,Vietnam Private Transfers,Tour thăm quan thành phố • Taxi & xe đưa đón,"Bui Vien street Distict 1, Ho Chi Minh, Thành phố Hồ Chí Minh, 700000","925A Trường Chinh, Phường Tây Thạnh, Thành phố Hồ Chí Minh",Quận Tân Phú,Tây Thạnh,300.000–2.000.000+ VNĐ,3–8 giờ,Khách du lịch; Cặp đôi; Nhóm bạn
12829824,Saigon Free Day Tours,Tour thăm quan thành phố • Chuyến tham quan văn hóa,"Thành phố Hồ Chí Minh, 700000","82 Nguyễn Du, Phường Sài Gòn, Thành phố Hồ Chí Minh",Quận 1,Sài Gòn,300.000–2.000.000+ VNĐ,4–6 giờ,Khách du lịch; Cặp đôi; Nhóm bạn
6774221,Moc Huong Spa 2A,Spa,"2A Chu Mạnh Trinh, Phường Bến Nghé, Quận 1 , Thành phố Hồ Chí Minh, 70000","4 Chu Mạnh Trinh, Phường Sài Gòn, Thành phố Hồ Chí Minh",Quận 1,Bến Nghé,300.000–1.500.000 VNĐ,1–2 giờ,Người trưởng thành; Cặp đôi; Khách muốn thư giãn
26875853,Wäbē Säbē,Cửa hàng đặc sản & cửa hàng quà tặng,"53h Đ. Nguyễn Du Bến Nghé, Quận 1, Thành phố Hồ Chí Minh, 700000","53G Nguyễn Du, Phường Sài Gòn, Thành phố Hồ Chí Minh",Quận 1,Sài Gòn,100.000–500.000 VNĐ,1–2 giờ,Khách du lịch; Cặp đôi; Nhóm bạn
19526685,Saigon Homies Tours,"Chuyến tham quan quán bar, câu lạc bộ & quán rượu • Chuyến tham quan bằng xe đạp","41 Nguyễn Thị Minh Khai, Bến Nghé, District 1 Floor 7, Thành phố Hồ Chí Minh, 700000","41 Nguyễn Thị Minh Khai, Bến Nghé, District 1 Floor 7, Thành phố Hồ Chí Minh, 700000",Quận 1,Bến Thành,300.000–2.000.000+ VNĐ,3–8 giờ,Người trưởng thành; Nhóm bạn; Khách yêu thích nightlife
2622636,Le Cochinchine Cruise,Chuyến tham quan bằng thuyền,"658/1 CMT8, Ward 11, D3 , Thành phố Hồ Chí Minh, 700000","Cách Mạng Tháng Tám, Phường Nhiêu Lộc, Thành phố Hồ Chí Minh",Quận 3,Nhiêu Lộc,300.000–2.000.000+ VNĐ,3–8 giờ,Khách du lịch; Cặp đôi; Nhóm bạn
25065842,Kocochi Spa,Spa,"8/1 Le Thanh Ton, Ward, St, Quận 1 Grand & 1st & 2nd Floor, Thành phố Hồ Chí Minh, 70000","10 Lê Thánh Tôn, Phường Sài Gòn, Thành phố Hồ Chí Minh",Quận 1,Sài Gòn,300.000–1.500.000 VNĐ,1–2 giờ,Người trưởng thành; Cặp đôi; Khách muốn thư giãn
2233150,Hành Trình Việt,Chuyến tham quan nhiều ngày • Chuyến tham quan lịch sử & di sản,"Thành phố Hồ Chí Minh, 700000","Thành phố Hồ Chí Minh, 700000",Quận 1,Bến Thành,300.000–2.000.000+ VNĐ,3–8 giờ,Khách du lịch; Cặp đôi; Nhóm bạn
4723736,Armani Spa & Clinic,Spa,"12 Nguyễn Bá Lân-Phường Thảo Điền Q2 , Thành phố Hồ Chí Minh, 700000","151 Ðồng Khởi, Phường Sài Gòn, Thành phố Hồ Chí Minh",Quận 2,Thảo Điền,300.000–1.500.000 VNĐ,1–2 giờ,Người trưởng thành; Cặp đôi; Khách muốn thư giãn
32843138,Annam Spa - Therapy - Wellness & Relaxation,Spa,"5 Le Thanh Ton , Thành phố Hồ Chí Minh, 700000","15a/41 Lê Thánh Tôn, Phường Sài Gòn, Thành phố Hồ Chí Minh",Quận 1,Sài Gòn,300.000–1.500.000 VNĐ,1–2 giờ,Người trưởng thành; Cặp đôi; Khách muốn thư giãn
6890386,L'Usine Shop,Cửa hàng đặc sản & cửa hàng quà tặng,"151/5 Đồng Khởi Quận 1, Thành phố Hồ Chí Minh, 700000","151 Ðồng Khởi, Phường Sài Gòn, Thành phố Hồ Chí Minh",Quận 1,Sài Gòn,Giá tùy sản phẩm/dịch vụ,1–2 giờ,Người thích mua sắm; Khách du lịch; Nhóm bạn
7942420,Saigon City Tours - Day Tours,Tour thăm quan thành phố • Chuyến tham quan văn hóa,"Thành phố Hồ Chí Minh, 70000","Hẻm 787 Trường Chinh, Phường Tây Thạnh, Thành phố Hồ Chí Minh",Quận Tân Phú,Tây Thạnh,300.000–2.000.000+ VNĐ,4–6 giờ,Khách du lịch; Cặp đôi; Nhóm bạn
13447187,Saigon Waterbus,Chuyến tham quan bằng thuyền,Thành phố Hồ Chí Minh,"Tôn Đức Thắng, Phường Sài Gòn, Thành phố Hồ Chí Minh",Quận 1,Sài Gòn,300.000–2.000.000+ VNĐ,3–8 giờ,Khách du lịch; Cặp đôi; Nhóm bạn
27478200,Norah Spa 2,Spa,"74c Hai Ba Trưng , Thành phố Hồ Chí Minh","74 Hai Bà Trưng, Phường Sài Gòn, Thành phố Hồ Chí Minh",Quận 1,Sài Gòn,300.000–1.500.000 VNĐ,1–2 giờ,Người trưởng thành; Cặp đôi; Khách muốn thư giãn
1930367,Mekong Quilts - Mekong Plus,Cửa hàng đặc sản & cửa hàng quà tặng,"85 đường Pasteur Tầng 1, D1, Thành phố Hồ Chí Minh, 700000","85 Đường Pasteur, Thành phố Hồ Chí Minh",Quận 1,Sài Gòn,100.000–500.000 VNĐ,1–2 giờ,Khách du lịch; Cặp đôi; Nhóm bạn
26830472,HTC TRAVEL,"Chuyến tham quan bằng xe 4WD, ATV & xe địa hình • Taxi & xe đưa đón","26 Phạm Ngũ Lão, TP Huế , Thành phố Hồ Chí Minh, 530000","26 Phạm Ngũ Lão, TP Huế , Thành phố Hồ Chí Minh, 530000",Quận 1,Bến Thành,300.000–2.000.000+ VNĐ,3–8 giờ,Khách du lịch; Cặp đôi; Nhóm bạn
8630608,SC Vivocity,Cửa hàng bách hóa • Trung tâm mua sắm,"1058 Nguyen Van Linh Boulevard, Tan Phong Ward District 7, Thành phố Hồ Chí Minh, 70000","SC-VivoCity, Thành phố Hồ Chí Minh",Quận 7,District 7,100.000–500.000 VNĐ,1–2 giờ,Khách du lịch; Cặp đôi; Nhóm bạn
4223482,Vietnam Alive - Day Tours,Chuyến tham quan tư nhân,"763 Tran Xuan Soan Tan Hung Ward, District 07, Thành phố Hồ Chí Minh, 70000","94-96 Huỳnh Văn Bánh, Phường Cầu Kiệu, Thành phố Hồ Chí Minh",Quận 7,Cầu Kiệu,300.000–2.000.000+ VNĐ,4–6 giờ,Khách du lịch; Cặp đôi; Nhóm bạn
552637,Temple of the Buddha's Relic (Xa Loi pagoda),Địa điểm tôn giáo,"89 Ba Huyen Thanh Quan St, District 3 , Thành phố Hồ Chí Minh","89 Bà Huyện Thanh Quan, Phường Xuân Hòa, Thành phố Hồ Chí Minh",Quận 3,Xuân Hòa,Miễn phí hoặc tùy hoạt động,"30 phút–1,5 giờ",Khách quan tâm văn hóa; Tín ngưỡng; Khách du lịch
1742604,Dai Nam Zoo,Sở thú,"Hiep An, Thu Dau Mot, Binh Duong Province , Thành phố Hồ Chí Minh, 70000","1765A Đại lộ Bình Dương, Hiệp An 2, Thành phố Hồ Chí Minh",Ngoài TP.HCM,Hiệp An,100.000–400.000 VNĐ,3–5 giờ,Gia đình; Trẻ em; Nhóm bạn
7141990,Elegant Silk,Cửa hàng đặc sản & cửa hàng quà tặng,"105 le Thanh Ton, District 1 , Thành phố Hồ Chí Minh, 70000","63/5 Hẻm 63 Pasteur, Thành phố Hồ Chí Minh",Quận 1,Sài Gòn,Giá tùy sản phẩm/dịch vụ,1–2 giờ,Người thích mua sắm; Khách du lịch; Nhóm bạn
1724542,Antique Street,Cửa hàng đồ cổ,"38 Đ. Lê Công Kiều Phường Nguyễn Thái Bình, Quận 1, Thành phố Hồ Chí Minh, 70000","38 Lê Công Kiều, Phường Bến Thành, Thành phố Hồ Chí Minh",Quận 1,Nguyễn Thái Bình,Giá tùy sản phẩm/dịch vụ,1–2 giờ,Khách du lịch; Cặp đôi; Nhóm bạn
3394479,TNR Saigon,Quán bar & câu lạc bộ,"57 Đỗ Quang Đẩu P. Phạm Ngũ Lão, Q.1, Thành phố Hồ Chí Minh","57 Ðỗ Quang Ðẩu, Thành phố Hồ Chí Minh",Quận 1,Bến Thành,100.000–500.000 VNĐ,2–4 giờ,Người trưởng thành; Nhóm bạn; Khách yêu thích nightlife
12150062,Quán Bia Thủ Công Ông Cao,Quán bar & câu lạc bộ,"240 Bùi Viện Quận 1, Thành phố Hồ Chí Minh, 700000","252 Đường Bùi Viện, Phường Bến Thành, Thành phố Hồ Chí Minh",Quận 1,Bến Thành,100.000–500.000 VNĐ,2–4 giờ,Người trưởng thành; Nhóm bạn; Khách yêu thích nightlife
13934245,Mon Amie Tailor - Best Tailor in HCMC,Cửa hàng đặc sản & cửa hàng quà tặng,"357 Nguyễn Trãi Phường 7 Quận 5, Thành phố Hồ Chí Minh, 700000","292 Đường Nguyễn Trãi, Phường An Đông, Thành phố Hồ Chí Minh",Quận 5,7 Quận 5,Giá tùy sản phẩm/dịch vụ,1–2 giờ,Người thích mua sắm; Khách du lịch; Nhóm bạn
5038003,Minh Phuong Lacquer - Ware Gallergy,Cửa hàng đặc sản & cửa hàng quà tặng,"40 Phùng Khắc Khoan Đa Kao, Quận 1, Thành phố Hồ Chí Minh, 700000","1 Điện Biên Phủ, Phường Tân Định, Thành phố Hồ Chí Minh",Quận 1,Tân Định,100.000–500.000 VNĐ,1–2 giờ,Người yêu lịch sử; Khách quốc tế; Sinh viên
8017932,Chợ Tân Định,Chợ nông sản,"336 Hai Bà Trưng , Thành phố Hồ Chí Minh, 70000","135 Nguyễn Hữu Cầu, Phường Tân Định, Thành phố Hồ Chí Minh",Quận 1,Tân Định,100.000–500.000 VNĐ,1–2 giờ,Khách du lịch; Cặp đôi; Nhóm bạn
8009540,Signatures Of Asia,Chuyến tham quan văn hóa • Chuyến tham quan lịch sử & di sản,Thành phố Hồ Chí Minh,"8 Phố Phạm Ngũ Lão, Phường Cửa Nam, Thành phố Hồ Chí Minh",Quận 1,Cửa Nam,300.000–2.000.000+ VNĐ,3–8 giờ,Khách du lịch; Cặp đôi; Nhóm bạn
25073674,Ukiyo Spa,Spa,"165 Đinh Tiên Hoàng , Thành phố Hồ Chí Minh","165-167 Đinh Tiên Hoàng, Phường Tân Định, Thành phố Hồ Chí Minh",Quận 1,Tân Định,300.000–1.500.000 VNĐ,1–2 giờ,Người trưởng thành; Cặp đôi; Khách muốn thư giãn
12250546,Street Food Adventure,Tour thăm quan thành phố • Chuyến tham quan văn hóa,"167 Bui Vien Pham Ngu Lao Ward, District 1, Thành phố Hồ Chí Minh, 700000","185 Đường Bùi Viện, Phường Bến Thành, Thành phố Hồ Chí Minh",Quận 1,Bến Thành,300.000–2.000.000+ VNĐ,3–8 giờ,Khách du lịch; Cặp đôi; Nhóm bạn
1977231,Mekong Lodge Vietnam Day Tour,Chuyến tham quan ngắm cảnh,"No 196/1/20, Cong Hoa St, Tan Binh Dist , Thành phố Hồ Chí Minh, 84 8","78 Cộng Hòa, Phường Tân Sơn Nhất, Thành phố Hồ Chí Minh",Quận Tân Bình,Tân Sơn Nhất,300.000–2.000.000+ VNĐ,4–6 giờ,Khách du lịch; Cặp đôi; Nhóm bạn
28285527,Mộc Kim Spa & Beauty,Spa,"12 L Nguyen Thi Minh Khai Da Kao Ward, Thành phố Hồ Chí Minh, 71007","12 Phạm Khắc, Phường Sài Gòn, Thành phố Hồ Chí Minh",Quận 1,Sài Gòn,300.000–1.500.000 VNĐ,1–2 giờ,Người trưởng thành; Cặp đôi; Khách muốn thư giãn
7241907,Tiệm vải Phi Phi,Cửa hàng đặc sản & cửa hàng quà tặng,"118 Le Loi Street , Thành phố Hồ Chí Minh, 70000","120-122 Lê Lợi, Phường Bến Thành, Thành phố Hồ Chí Minh",Quận 1,Bến Thành,100.000–500.000 VNĐ,1–2 giờ,Khách du lịch; Cặp đôi; Nhóm bạn
4826315,Villa Royale Antiques and Tea Room,Cửa hàng đặc sản & cửa hàng quà tặng • Cửa hàng đồ cổ,"3 Trần Ngọc Diện, Thảo Điền, Quận 2 , Thành phố Hồ Chí Minh","Trần Ngọc Diện, Phường An Khánh, Thành phố Hồ Chí Minh",Quận 2,An Khánh,Giá tùy sản phẩm/dịch vụ,1–2 giờ,Khách du lịch; Cặp đôi; Nhóm bạn
3700540,Blanchy's Lounge,Quán bar & câu lạc bộ,"95 Hai Bà Trưng Bến Nghé, Quận 1, Thành phố Hồ Chí Minh, 700000","97 Hai Bà Trưng, Phường Sài Gòn, Thành phố Hồ Chí Minh",Quận 1,Sài Gòn,100.000–500.000 VNĐ,2–4 giờ,Người trưởng thành; Nhóm bạn; Khách yêu thích nightlife
5957860,Golden Lotus Healing Land,Spa,"139 Tôn Dật Tiên, Phú Mỹ Hưng, Quận 7 Garden Court 2, Kenh dao area, Thành phố Hồ Chí Minh, 70000","10A Phạm Ngọc Thạch, Phường Xuân Hòa, Thành phố Hồ Chí Minh",Quận 7,Xuân Hòa,300.000–1.500.000 VNĐ,1–2 giờ,Người trưởng thành; Cặp đôi; Khách muốn thư giãn
7273452,Pub Crawl Saigon,Quán bar & câu lạc bộ,"185 Bùi Viện, P. Bến Nghế, Q.1 Ben Nghe Ward, District 1, Thành phố Hồ Chí Minh, 700000","18 Đường Bùi Viện, Phường Bến Thành, Thành phố Hồ Chí Minh",Quận 1,Bến Thành,100.000–500.000 VNĐ,2–4 giờ,Người trưởng thành; Nhóm bạn; Khách yêu thích nightlife
8810040,Sky Travel,Chuyến tham quan ngắm cảnh • Chuyến tham quan tư nhân,"C4/26 Pham Hung Street, Binh Hung Ward, Thành phố Hồ Chí Minh, 700000","Phạm Hùng, Phường Chánh Hưng, Thành phố Hồ Chí Minh",Quận 8,Chánh Hưng,300.000–2.000.000+ VNĐ,3–8 giờ,Khách du lịch; Cặp đôi; Nhóm bạn
4552856,An Dong Market,Cửa hàng đặc sản & cửa hàng quà tặng,"36 Đ. An Dương Vương , Thành phố Hồ Chí Minh, 700000","46 An Dương Vương, Phường An Đông, Thành phố Hồ Chí Minh",Quận 5,An Đông,Miễn phí tham quan; chi phí tùy dịch vụ,1–3 giờ,Người thích mua sắm; Khách du lịch; Nhóm bạn
33076194,Cosmo Club,Sòng bạc,"141 Nguyễn Huệ, Phường Bến Nghé, Quận 1 Tầng 1| Khách Sạn Rex, 141 Nguyễn Huệ, Phường Bến Nghé, Quận 1, Thành phố Hồ Chí Minh, 700000","Nhà hát Thành phố, HC, Thành phố Hồ Chí Minh",Quận 1,Bến Nghé,100.000–500.000 VNĐ,2–4 giờ,Người trưởng thành; Nhóm bạn; Khách yêu thích nightlife
2424560,Elegant Travel,Chuyến tham quan ngắm cảnh • Chuyến đi trong ngày,"Thành phố Hồ Chí Minh, 700000","14 Nguyễn Văn Giai, Phường Tân Định, Thành phố Hồ Chí Minh",Quận 1,Tân Định,300.000–2.000.000+ VNĐ,3–8 giờ,Khách du lịch; Cặp đôi; Nhóm bạn
2484797,Dan Sinh Market,Chợ trời & chợ đường phố,"104 Yersin , Thành phố Hồ Chí Minh, 70000","104 Đường Yersin, Phường Bến Thành, Thành phố Hồ Chí Minh",Quận 1,Bến Thành,Miễn phí tham quan; chi phí tùy dịch vụ,1–3 giờ,Người thích mua sắm; Khách du lịch; Nhóm bạn
12698554,Vera Nails & Spa,Spa,"67 Pasteur Phường Bến Nghé, Quận 1, Thành phố Hồ Chí Minh, 700000","63/11 Floor 3 Pasteur, Phường Sài Gòn, Thành phố Hồ Chí Minh",Quận 1,Bến Nghé,300.000–1.500.000 VNĐ,1–2 giờ,Người trưởng thành; Cặp đôi; Khách muốn thư giãn
13441867,Vietnam By Bike,Chuyến tham quan bằng xe đạp • Chuyến tham quan bằng thuyền,"E8/223G National Road 50, Hamlet 5, Phong Phu Ward, Binh Chanh District, Ho Chi Minh City, Vietnam , Thành phố Hồ Chí Minh, 700000","E6.167 Văn Tiến Dũng, Ấp 63, Thành phố Hồ Chí Minh",Huyện Bình Chánh,Phong Phú,300.000–2.000.000+ VNĐ,3–8 giờ,Khách du lịch; Cặp đôi; Nhóm bạn
2457852,Blue Moon Spa,Spa,"25 Dong Khoi Street, District 1 , Thành phố Hồ Chí Minh","34 Ðồng Khởi, Phường Sài Gòn, Thành phố Hồ Chí Minh",Quận 1,Sài Gòn,300.000–1.500.000 VNĐ,1–2 giờ,Người trưởng thành; Cặp đôi; Khách muốn thư giãn
8730021,Sense Spa,Spa,"52 Dong Du St. Ben Nghe Ward, Thành phố Hồ Chí Minh, 700000","48 Đông Du, Phường Sài Gòn, Thành phố Hồ Chí Minh",Quận 1,Sài Gòn,300.000–1.500.000 VNĐ,1–2 giờ,Người trưởng thành; Cặp đôi; Khách muốn thư giãn
9563623,Veritas Bespoke,Cửa hàng đặc sản & cửa hàng quà tặng,"56 Lê Thánh Tôn, Bến Nghé, Quận 1 , Thành phố Hồ Chí Minh, 700000","44 Lê Thanh Ton, Thành phố Hồ Chí Minh",Quận 1,Sài Gòn,100.000–500.000 VNĐ,1–2 giờ,Khách du lịch; Cặp đôi; Nhóm bạn
4873291,H&D Tailor,Cửa hàng đặc sản & cửa hàng quà tặng,"Đường Phạm Hồng Thái Khách sạn New World Saigon, Quận 1, Thành phố Hồ Chí Minh, 700000","56 Phạm Hồng Thái, Phường Bến Thành, Thành phố Hồ Chí Minh",Quận 1,Bến Thành,Giá tùy sản phẩm/dịch vụ,1–2 giờ,Người thích mua sắm; Khách du lịch; Nhóm bạn
1997306,Mekong Tours,Chuyến tham quan nhiều ngày • Đường đi xe đạp,"Thành phố Hồ Chí Minh, 7000","2 Ter Lê Duẩn, Phường Sài Gòn, Thành phố Hồ Chí Minh",Quận 1,Sài Gòn,300.000–2.000.000+ VNĐ,3–8 giờ,Khách du lịch; Cặp đôi; Nhóm bạn
6131915,Uri Foot Therapy Spa,Spa,"95/44 Nguyễn Văn Trỗi Phường Phú Nhuận, Thành phố Hồ Chí Minh, 700000","Nguyễn Văn Trỗi, Phường Phú Nhuận, Thành phố Hồ Chí Minh",Quận Phú Nhuận,Phú Nhuận,300.000–1.500.000 VNĐ,1–2 giờ,Người trưởng thành; Cặp đôi; Khách muốn thư giãn
20295587,NP Brows & Lashes,Xưởng vẽ & làm đồ gốm,"165 Dinh Tien Hoang, Da Kao Ward, District 1 , Thành phố Hồ Chí Minh, 70000","165-167 Đinh Tiên Hoàng, Phường Tân Định, Thành phố Hồ Chí Minh",Quận 1,Tân Định,100.000–500.000 VNĐ,1–2 giờ,Khách du lịch; Cặp đôi; Nhóm bạn
