poi_id,ward_code
311087,26743
14051467,26752
317890,26743
5505885,26743
10005057,26743
1489190,26743
455387,26743
2389145,26794
311094,26734
2273343,26749
25169046,27094
33677575,27094
8851175,26743
6403614,27010
19757799,26743
7736325,27511
12084531,26743
2407915,26743
33099376,26734
33235970,26752
2484797,26743
9456964,26830
1724542,26743
8017932,26734
27990845,27094
26809160,27094
1370386,27139
11885518,27460
26680907,27094
33269337,26743
27415839,26743
26103372,27013
2550321,26734
10801837,27094
27471402,26782
8827357,26752
25188298,26743
8290309,27589
32793701,27013
8028360,27013
23823253,27112
25572460,26734
25336113,27094
3337501,26743
4826315,27094
24107412,27094
7171779,26743
27714378,27013
27705549,27094
32796078,26830
3677899,27496
28126911,27094
10000822,27025
32983757,27094
33350503,26743
12719595,26743
32706121,27013
8556994,27094
34462576,26743
25574736,26743
20910619,26746
11746398,27094
33972276,26743
27747708,26734
2334935,26743
21493307,26743
8602875,26743
967468,26743
9467065,26749
14776389,26743
26322637,26743
6961416,26743
10068595,27094
8071230,27475
4170589,26830
8599407,26734
7273452,26743
15212886,26752
14116019,26743
28559328,26743
20295587,26734
8317497,26743
28108702,26743
12365770,26752
12374411,27094
25073674,26734
3763209,26743
16811556,26743
2414201,27094
27128455,26734
2559479,26752
27707365,26743
26145540,27094
11899009,26743
6982572,26734
4177826,27094
26791887,26743
5921457,26743
13984791,26749
11690404,27094
25030079,26752
12838076,26743
27525288,26743
7241907,26743
17118070,26752
28010412,26734
2726268,26752
6385014,26743
32786147,26734
7205645,26743
26773215,26743
13123395,27460
28466845,26749
15528737,26743
8856586,26746
23718217,27094
32908268,27094
23241279,26734
5038003,26734
2099329,26734
25053984,26743
1636752,26743
13340286,26743
4873291,26743
25093665,26743
14960488,27496
11437030,26743
17212823,26860
24977107,26743
10694795,27607
17838697,27094
2149556,27094
10767864,26743
11879452,27094
12212953,26743
12848297,26752
2004786,26743
28252124,27013
19163793,26743
26223282,27013
18830093,26830
8647034,26752
24131945,26749
8856664,26743
5539395,26860
15296299,27475
16872213,27013
2273094,26749
24010769,26737
11918882,26743
3617391,27094
34036748,26743
7194403,26743
15681266,26743
5461656,26860
34064312,26743
2487716,26734
24122789,27148
6429729,27109
2435196,26734
15522949,26743
14790505,26830
2435402,26743
12124708,27019
8765849,26752
13871488,27013
18207039,26830
26830472,26749
14025564,27013
27640676,26743
28110943,27013
28043812,27172
7065652,26734
12250546,26743
34495164,26743
33007917,26734
4237570,26743
12150062,26743
27105186,26734
12387550,26752
19331065,26743
8009540,26749
11435831,27475
33116956,27028
17427697,26743
5991449,26743
28044127,26743
26343200,27013
28029827,26752
8445328,27454
12878764,26734
34311620,26752
33265191,26830
33133859,26734
25454511,26734
25400195,27013
24185430,26743
33881768,27094
28233779,27478
27094243,27514
5501649,27025
10844679,27013
17332813,26752
19526685,26740
25191918,27475
11624295,26752
26725728,27013
26819524,26743
27796521,27475
7942420,27013
12455663,26743
20888254,27607
26320378,27637
19102846,27094
26345967,26743
25295190,26743
32851487,26743
13961526,27013
15746074,26743
24102260,27013
25310391,26746
17838756,26743
33249100,26743
15197318,26743
2424560,26734
7075819,26743
21254427,27094
25130681,27091
33368818,27013
26670437,26743
23812095,26743
26260077,26752
28501591,26734
12906805,26743
24037055,27094
6508927,26788
10791855,26743
6439796,26743
33131266,26743
25370585,26743
9882491,26743
29037205,27094
28040154,26743
32824795,26734
29358232,27013
27497551,26752
24992593,27094
33369597,26743
33117442,26743
33968282,26743
26660834,26743
12559538,26743
25804904,26743
24081716,26743
20141060,26743
33323508,26743
7141991,27094
33061937,26752
12924148,26743
27168007,27013
27826290,26734
25076525,27010
17695818,26743
33995103,26743
31599667,26743
17430860,26743
28099091,27436
6983400,27094
32812885,27013
14000258,27025
25378453,26743
19736333,26788
24932763,27094
11443715,27094
6563470,26743
25806494,27094
16913859,27094
28029875,26734
20318009,27277
34322878,26743
26518214,27277
33968734,27094
10794875,26743
6725553,26752
11548838,26743
4706254,26743
14000167,26743
8114866,27025
14996222,26743
12830045,27475
8114539,27094
24066683,27094
26877583,26734
32767240,26743
33045653,27094
24096709,27166
32899546,26734
20192330,27532
11677471,27625
24054658,26743
26876086,27466
26866644,26743
33954767,26743
34082912,26860
25332831,26752
32716558,27013
26782828,27013
33021642,26743
25347980,26743
11824497,26743
27509612,27094
28660919,27094
26365333,26743
25023663,27013
23894523,26734
26729817,27088
23706438,26737
15661787,27094
33227697,26743
19736910,27094
19093517,27475
34276978,26743
20139155,27094
23944054,27475
28556217,26743
14134877,26734
34464314,27496
16639582,26743
15588908,26752
25190755,26746
8693110,26743
12254007,27460
19073592,26734
33142498,26743
15334083,27094
27702645,27403
15685002,26734
25191132,26743
14942510,27094
26501645,27094
24816718,27475
32981220,27679
11729112,26743
28956051,27013
28983390,27094
23384189,27094
19860093,26830
16855050,27094
6973994,26743
27648721,27094
27694121,27013
33993929,27094
31270817,27010
33335556,26743
5999378,26752
33230573,27094
7080138,26743
6131895,26743
11443974,26743
12635189,27094
6634209,27094
28666147,26752
25027578,27013
12833082,26743
25114346,26743
33018606,26752
15586262,26752
12874672,26734
27503352,26743
17607265,26746
25327079,26752
26447728,27094
25250993,26734
17823008,26752
25290803,27094
27670851,26734
12968900,26743
2317850,26743
34277137,26734
34369886,27139
34259287,26743
15667287,26734
11437097,26743
27730582,26734
27414257,27094
34096259,27475
33994009,26743
6774393,27094
32889688,26788
23920420,27094
12874736,26743
26694569,27475
32793965,27178
13873247,27010
17558611,27094
28665841,27013
23966734,26752
26554523,26743
33032828,27058
23956540,26743
33110501,27469
17415212,26734
23544470,27094
32742787,26743
33236865,27478
32797386,26743
9986381,26734
8385963,26743
17483986,26743
33988252,26743
31085963,26737
8532676,27139
26651228,27475
6523110,26743
14067894,27607
34021055,26743
28931647,27094
14187194,26743
27129676,26752
33177454,27025
1964479,27673
11760584,26743
33242184,27094
33870697,26743
11816951,26743
33422352,26734
32822135,27475
1818362,27094
33299370,26734
33400530,27013
32998021,27607
33220715,26743
21002524,26740
25000171,26743
33278897,27094
26336495,26743
30356818,27013
8415862,26749
33029989,27475
33055690,26743
33043601,27094
14074123,27013
14094708,27013
20199962,27049
23000709,26857
32863289,27094
26778199,26743
27146902,26746
15296091,26752
25567337,27013
29932034,27013
26230267,26743
26105973,27277
27519815,26734
26838998,26749
28913245,27010
27101366,27094
33043641,26752
17581560,26743
7192950,26743
28252666,27109
17559281,26743
7915234,27094
26577423,27445
15791798,27436
15338603,27445
27930171,27598
20988203,27013
21410013,26749
12607031,26743
26861541,26743
17375520,26860
27500879,26743
26746402,26734
27166057,27013
27113381,26734
12906682,26734
33996522,27475
8089368,27094
26899566,26749
25439649,26743
19819022,26749
17807027,26743
11772175,26743
25401445,26743
25297225,26734
32807817,26743
13567666,26746
18719480,26749
25179484,26830
28040137,26752
19546696,26743
11893943,26743
19745724,26749
18544295,26743
19087115,27094
13993341,27013
21367628,26830
11636268,26743
8523263,27475
26856619,27094
16666055,26755
7276713,26752
15746305,26743
13195362,26752
33306400,26734
25324964,26743
25453558,27109
28027636,27013
34074813,26746
26502465,27475
34395631,27010
30709609,26785
34156490,26743
14781340,26734
26583240,27094
34411688,26752
34334544,27094
34408265,26743
34413829,27094
34255547,26743
26787173,27475
12907110,27094
34369756,26743
24855621,27025
33179139,27094
34344476,27094
34331247,27010
34322845,26830
30366753,26743
26618999,27094
26820760,26752
31762665,26734
27426698,26734
25245942,26743
29330172,27094
32983569,26743
34242790,27109
27698479,26743
28559269,26743
33036153,26743
34127343,26743
13476950,26743
34207696,27094
33020184,26734
34121695,26734
24066153,27607
33045939,27094
27491134,26743
34039426,26743
15074352,26734
26399360,26743
33995169,27010
11548216,26746
25354962,26743
33178389,27010
15709055,26743
33397737,26743
33733987,26743
12480163,26743
33593284,26752
33442100,26743
28459815,27013
33417447,27496
32807935,26743
33403060,26746
33359664,26734
33285166,26830
33276421,26752
33261686,26746
33190581,27094
33138818,26752
32727754,26743
21007691,26746
8263526,27094
20889591,27040
26854882,26758
32992796,26734
32983873,27475
19481226,27133
18218424,27094
29037198,26743
32900614,27025
19685787,26740
32824624,26734
32824668,27013
32824533,27013
32807692,27013
28245468,27475
32788720,26830
5996885,26743
28863384,27475
32716605,27094
32711163,26785
28045765,27475
32682400,27475
32698405,27460
19255369,26812
25149604,27094
26364719,26758
17826430,27091
17762532,26752
28145777,27151
27508226,26752
6696563,26743
26868008,27013
6440796,26743
27962134,26749
27718784,26734
27952475,27013
12473799,26743
33043634,26752
5599650,26743
27921655,26785
26023536,26752
27733187,26743
16797716,27475
27622651,26743
25314663,27397
26325102,26752
5961553,26743
6280983,26743
7915242,26743
25020387,26743
27138764,27094
19630008,27088
26086781,27484
26875831,27637
26858953,26752
26792268,26752
26894148,26749
15327280,26734
26862100,27013
26328336,27607
20209996,27094
26790096,26743
31324968,26752
26731875,27094
26101285,26743
26772195,26734
26335749,26749
14121783,27475
8128439,26743
26450377,27436
25312134,26743
28040588,26743
25437734,27475
25456261,27013
25447663,27010
13455122,26752
24814925,27094
25353672,27094
24973320,27475
9738873,26743
11039279,26752
13412922,26743
7370604,26752
25064567,26734
25137118,26734
20054353,26755
8180440,26743
25043559,27277
6632761,26752
23914919,27475
34080461,26743
15028608,27013
33953078,26734
2556005,27094
34393215,27109
6948887,26830
25091259,26743
23273136,26740
32842444,26734
23195941,27013
33989010,26743
33393215,26743
21268733,27088
19447845,26734
33248572,26734
4972219,26734
21010405,26749
20376459,27148
20792600,26740
11929810,27094
20220998,26830
32695842,26752
19900198,27094
27679366,26734
24109775,27094
15106411,27475
19516465,26743
15685943,26746
19408022,26743
17653970,26752
12212100,26743
6436751,26752
15708927,27643
17432329,27139
8310437,26746
15019686,26743
25269981,26743
15059685,26743
16724834,27094
7298673,27439
34435229,26743
15236695,27094
34462698,26743
15058908,27010
13485265,27094
14199295,26803
25558644,27094
25188818,27094
8300103,26785
12892793,27094
12454068,27475
24892850,27277
7160356,26743
11799786,26752
8291614,26743
11436634,26743
25273033,27094
8099398,26743
21023379,27646
8380711,27025
8017895,26743
7928953,26743
10700975,26743
14010832,27094
29565819,27094
30762582,27094
29573642,27094
33023587,27094
25100614,26788
20033877,27094
26853386,27013
27101627,26749
34348392,26743
14795415,26749
8617840,26743
4007510,27622
11733617,26740
23948575,26968
5501677,26752
20974942,26743
14067685,27475
4795421,26743
23085855,26743
14206148,26743
10815297,27094
13358578,27475
27532523,27025
25211005,27094
11443792,26743
9996374,27094
19458628,26743
15146461,26749
1769802,26743
27539298,27460
25398654,26974
34341875,27013
15125164,26743
27577141,26746
7950980,27094
17379232,26734
14097738,27013
25446489,26743
25181323,26752
17695807,26752
24133059,27013
32761878,26743
34307974,27109
27476214,26734
17376195,26734
5772731,26734
32976648,27094
2232886,26752
11435998,26788
11437239,27094
19042146,26734
19041785,27445
26632244,27013
20328745,26743
4945634,26830
10068765,26743
21027862,26740
26632193,27013
9996647,26752
34107459,26752
6983488,26743
11443631,26743
17579866,27139
13391931,27139
19413584,26734
11744513,27475
17547332,26734
27752784,27013
9974597,26743
17528736,26734
11887667,26743
4795443,26743
4040390,26743
4795417,27094
11641873,27094
12530047,26743
12883956,27094
12282514,27094
12454046,26752
12804483,26743
8017660,26743
7950975,26743
6946903,26743
6601425,26743
20295584,26734
21051682,26740
21082309,27019
21312882,27094
14890711,26743
15334367,27094
14199522,27013
14796528,26752
15146455,27010
15645806,27577
20957899,27607
20991146,26749
19000013,26740
19041795,27013
19085474,26743
19763892,26734
19807545,26752
19920892,27475
19313334,26734
19408214,26752
19842280,27091
21192898,27475
21209727,26749
21211986,26734
21251594,26758
23043883,26752
20218388,27025
20256023,27028
22999421,27094
23218647,26746
23309072,27484
23310676,27484
23503613,26734
23499825,26734
10187213,27013
23714177,26743
23715799,26743
23759886,27484
23910919,26734
27450265,26752
27303037,26734
27508064,26752
27486298,26734
27518553,26743
27519828,26734
27516854,26752
27506656,26743
27673305,26743
27672224,27094
27732268,26734
27714410,26734
27730654,26734
27734454,27475
27744034,26743
27796388,26779
27743335,27013
27845572,27013
27930002,26743
27935470,27028
27983721,27013
27982671,26743
28047256,27013
28037454,26734
28043567,27094
28127210,27112
28125246,27013
26968629,26743
27001076,26752
27095375,27094
27103931,26743
25049093,26743
25210439,27094
25159584,27139
25253771,26743
25241942,26743
27699800,26758
27951932,27445
27926529,26743
27886146,26743
27905906,27484
27963462,26734
27979550,26743
27979575,27484
27979660,27484
27501603,26752
27500889,26743
27654268,26743
27706537,26743
27738880,26743
27730442,26743
27842540,26752
27926483,27094
27926360,26743
27930180,26734
25004215,27094
25073720,26743
25093465,27094
25213105,27475
25165223,27094
27108191,26734
27097755,27094
27116552,27094
17558577,27475
17539923,26743
17822540,27094
25332307,27607
25423141,26752
25571122,26743
26103509,27094
17816908,26743
17796173,26785
17816923,27094
18847131,27025
19776579,27475
25576796,27010
26234365,26986
26628280,26743
26603573,27094
27181706,27013
28003103,26743
28044363,27013
28036356,26743
28031641,27013
28056001,27475
28125238,27013
28142638,26749
24113728,26743
24124684,27013
33055652,26743
33083955,27436
33039978,26743
33073529,27022
33099705,26734
27494818,26752
27511940,26734
27648917,27013
24026186,26743
24984465,27013
25087849,27475
25175027,26830
25329311,27094
25308642,26734
25295220,26743
25263223,26743
24871122,26794
24916387,27094
25004429,27013
25079563,27475
32712355,26743
32825192,26743
32808477,26743
32862286,26743
32840546,27013
32859403,27607
28663652,27013
28650410,27019
28664740,27094
28668330,26743
28122552,27013
27153234,26743
27671455,26743
27706467,26743
27717058,27013
27735145,26752
27800352,27013
17713621,26749
16780595,26752
32724247,26974
32784396,27013
28657128,27094
28659385,27013
28653965,27475
28666981,26734
28668593,27475
29037215,27094
30017224,26755
27771372,26743
27965826,26752
27961504,27094
27981176,26734
27995990,26743
28054219,27013
15637842,27487
28745910,26743
29017476,26743
30513904,26743
32696995,27013
31930023,26734
32742951,26743
32841330,27013
32830923,26734
32824346,26743
28105699,26749
28118805,27013
27422442,26743
27536399,27013
27670400,26734
27949813,27013
21171802,26752
24058161,26788
24070563,26965
26840407,26743
26822707,27094
26696738,26734
24922830,26743
24968796,26743
24973243,26743
27122689,27094
26821492,27013
26859229,26743
26861537,27607
27731614,27013
27927695,26743
27111130,26743
28148427,26749
28220075,26773
28184410,27094
28288981,26734
28183422,27094
28340208,27013
32626892,26752
24064823,27094
24980546,27094
24981972,27094
25456258,27109
25463048,26743
25456213,27109
26337818,26746
26338593,27094
26441042,27091
26464690,27094
33006649,27094
33019336,26743
33057095,27088
33072651,27475
33113621,26758
33120329,27472
33224206,26788
33226129,27094
33224594,27094
33245783,27025
33311602,27013
33322389,26743
33355255,27025
33343783,26734
33349630,26743
33042494,26734
33100755,26743
33117161,26734
33122816,26953
33123886,26743
33110329,26752
26365860,26743
26444843,27094
26639408,27475
26639367,27475
33399742,26743
33400162,27025
33440173,26734
33712710,27475
33675706,27013
32935911,26743
25323322,27397
25423241,27475
26229966,27475
26320403,27637
33761564,26743
32980478,27013
32996490,26743
32988808,27025
32997200,27028
33023544,26752
33359757,26743
34036306,26755
34045539,26743
34319590,26743
33677250,27094
33394212,26743
33369881,26734
32970960,26743
34002772,27094
34043098,27139
34074799,27607
26867659,27475
34279002,27094
34282483,26752
34258187,27607
34258257,27607
34312527,26860
34284688,27610
34334620,27094
34340872,27139
33989334,27607
33984963,26749
33999061,27460
34005186,26752
33999059,27460
34099006,27094
34115961,26746
34098111,27025
33670544,26734
33876168,27013
33861411,27436
33954379,27025
33994905,26743
33995414,26743
34034430,27094
33595253,27550
33881318,27094
33897727,27484
33951531,26743
33994913,26743
34024118,27094
34144980,27088
34112063,27109
34187538,26743
34146477,26788
34224405,26752
34257977,27436
34234813,27679
34258277,27607
34275879,26734
34332354,26734
33002939,27013
33951535,26743
34002814,26752
33874436,27094
33919066,26734
33862189,27010
33969203,26752
34030200,27094
34064841,26734
34023666,26743
33995167,27028
34002833,26743
34097453,27094
34133437,26743
34344547,26743
34355239,26743
34416989,27592
34412341,26734
34430591,26752
34110221,27094
34127623,26752
34160824,27094
34311075,26743
34315186,27436
34288295,26743
34320902,27475
34350395,27025
34398036,27475
34334704,26743
32904194,27025
33787214,26785
34350467,27094
34350758,27094
34386662,27094
34328023,26743
34388544,26857
34391299,26743
34115637,27139
34331553,27013
34411977,26734
34478688,27094
34419230,26734
34514717,27010
34502928,26734
34514931,27094
34518573,26743
34516489,26743
34524442,26743
34509574,26743
34464291,26743
