poi_id,region_id
311103,1
2005826,1
311087,2
4542125,1
311089,1
2037764,1
14051467,2
317890,2
5505885,2
10005057,2
2475475,1
15292553,1
8290115,1
317896,1
454974,1
1489190,2
317893,1
4552853,1
1929610,1
10836601,1
455387,2
454975,1
1830324,1
2389145,3
2273335,1
26805055,1
311094,2
2273343,2
11622038,1
2414430,1
25169046,3
33677575,3
18314088,1
635380,1
33076194,1
7907864,1
1178970,1
454972,1
10085046,1
8090785,1
1784754,1
8851175,2
6403614,4
1910195,1
550709,1
1165087,1
6438587,1
19757799,2
4597843,1
25340691,1
9582552,1
7736325,5
21230453,1
12084531,2
2407915,2
8754863,1
19255200,1
33099376,2
2168911,1
33235970,2
21051684,1
1368412,1
9806454,1
34257950,1
2484797,2
14928513,1
317898,1
25090493,1
317904,1
6602281,1
9456964,3
11445105,1
550712,1
8295665,1
13957334,1
1724542,2
311100,1
8017932,2
1682089,1
8009199,1
27990845,3
27120263,1
17722137,1
550711,1
8630608,1
2385857,1
12820616,1
317889,1
26809160,3
8010180,1
311092,1
8181417,1
8300005,1
1370386,6
11885518,7
1752815,1
8595674,1
8310942,1
26680907,3
33269337,2
1370380,1
7927054,1
4580323,1
5970625,1
27415839,2
26103372,4
27936796,2
6902917,1
10024158,1
2550321,2
10801837,3
8396485,1
27471402,8
2357145,1
11443657,1
552637,1
12033619,1
8827357,2
8800458,1
7714795,1
25188298,2
8290309,9
7158706,1
32793701,4
7827635,1
17569133,1
8587831,1
11512931,1
8028360,4
23823253,3
11680691,1
14025887,1
33316308,1
7743972,1
25572460,2
20051280,1
1742604,1
7339849,1
25336113,3
2481547,1
11848774,1
3337501,2
10844542,1
8772716,1
27346810,1
311105,1
19820968,6
12125198,1
3731488,1
4559699,1
33239129,1
15685988,1
11121258,1
4826315,3
2283872,1
24107412,3
7171779,2
27714378,4
27705549,3
9806515,1
8856733,1
32796078,3
28006662,1
15511824,1
9974461,1
10068803,1
30525859,1
7346527,1
12435632,1
4795476,1
1557134,1
33067153,1
3677899,5
27525355,1
6975254,1
2336225,1
28126911,3
8263887,1
33334970,1
10000822,4
32983757,3
33350503,2
6864271,1
7333808,1
33272100,1
33357814,1
16657089,1
25551844,1
12719595,2
32706121,4
17739279,1
8556994,3
34462576,2
32983638,1
23300698,1
25574736,2
25303789,1
11918966,1
2154294,1
24162332,2
20910619,2
6721127,1
11746398,3
33972276,2
7109031,1
27939068,1
10525874,1
12231655,1
27747708,2
2334935,2
21493307,2
19476887,1
27296727,1
3749935,1
15592702,1
8602875,2
17543751,2
967468,2
7141990,1
6994939,1
32843138,1
9467065,2
14776389,2
33222223,1
1546696,1
26322637,2
6961416,2
8775058,1
10068595,3
17379155,1
8071230,10
4170589,3
28120938,2
455410,1
17604603,1
28285527,1
8517570,1
27130109,1
6601902,1
19259802,1
12295934,1
4881460,1
8599407,2
8602484,1
27686907,1
7273452,2
34002993,1
20171721,1
7596221,1
7057020,1
15212886,2
27478200,1
1371527,1
19408793,1
3567267,1
11741717,1
4771094,1
14116019,2
28559328,2
20295587,2
14054034,1
8317497,2
28108702,2
10926187,1
12365770,2
8610811,1
12374411,3
25073674,2
13934245,1
6351606,1
3763209,2
4411306,1
10092053,1
2044621,1
16811556,2
12969306,1
30703267,1
27173896,2
12432519,1
2414201,3
27128455,2
12698370,1
14134897,1
7700073,1
4097768,1
33338784,1
2559479,2
25065842,1
5957860,1
4108043,1
26720262,1
1170827,1
27707365,2
26875853,1
26145540,3
25354953,1
23736709,1
11872390,1
11899009,2
6982572,2
4177826,3
28454178,1
26791887,2
8869748,1
4552856,1
25973054,1
26267736,1
12600679,1
5921457,2
13984791,2
10455052,1
24001941,1
11690404,3
10117391,1
25030079,2
9754920,1
3432676,1
11710229,1
12838076,2
1930367,1
27525288,2
33320290,1
7241907,2
17118070,2
16656422,1
28010412,2
18940966,1
8432743,1
3394479,1
25229877,1
2726268,2
9563623,1
3397942,1
3815598,1
25006681,1
6385014,2
32786147,2
6956299,1
33333014,1
12584392,1
7310219,1
7205645,2
2417715,1
26773215,2
1746272,1
21142314,1
18453788,1
13123395,7
24051572,2
28466845,2
17596766,1
33948567,1
29009530,1
20300693,1
15528737,2
25171188,1
13162032,1
26959373,1
7154018,1
8856586,2
23718217,3
32908268,3
6498863,1
2187722,1
23241279,2
5038003,2
2099329,2
1837685,1
33404918,1
8262761,1
25053984,2
1636752,2
13340286,2
4873291,2
26916395,1
25093665,2
6774221,1
14960488,5
11437030,2
17212823,3
12788024,1
6827604,1
17627334,1
24977107,2
10694795,11
17838697,3
2149556,3
10767864,2
16882798,1
7396352,1
10836066,1
11879452,3
12212953,2
12848297,2
2004786,2
10044301,1
3948543,1
28252124,4
19163793,2
17801726,1
26223282,4
33301162,1
25789447,1
18830093,3
13073660,1
8647034,2
19323919,1
24131945,2
2264651,1
8856664,2
13441867,1
5539395,3
15019919,1
12226320,1
15296299,10
13421912,1
15278678,1
8263413,1
16872213,4
2273094,2
7767149,1
17379413,1
24010769,2
11918882,2
26730795,2
13447187,1
3617391,3
13442216,1
34036748,2
33212849,3
33678444,2
27533962,1
4480894,1
5982006,1
1307686,1
20661122,10
13006978,1
24902115,6
5501655,1
17733614,1
7339857,1
7194403,2
15681266,2
5461656,3
34064312,2
6387515,1
25293417,6
25234074,1
17548235,1
11544014,3
2487716,2
24122789,6
6429729,3
6560716,1
2435196,2
13391755,1
15522949,2
28055218,1
17604040,1
2266103,1
14790505,3
3959210,1
2424536,1
8291676,1
2435402,2
12124708,4
27689774,1
8765849,2
13871488,4
2226088,1
18207039,3
12204583,1
26830472,2
11612118,1
12508941,1
14025564,4
1997306,1
17762416,1
27640676,2
26998060,1
28110943,4
28043812,12
27946568,2
23470134,2
7065652,2
12250546,2
17600319,13
26867653,1
15592663,1
34418206,1
17607737,1
34495164,2
25406507,2
33007917,2
8810040,1
30236236,1
16159007,1
4237570,2
12150062,2
27105186,2
14086619,1
24996778,14
28001024,1
27175388,1
12387550,2
19331065,2
12829824,1
8009540,2
17282150,1
25129936,2
11435831,10
32811188,1
27926877,1
25257326,3
34262636,1
28016792,1
16698454,1
33116956,4
26923954,1
4223482,1
17427697,2
5991449,2
27951546,2
28044127,2
34389096,1
25553159,1
9754912,1
29788030,1
15638160,1
10794820,1
24970697,3
26343200,4
28029827,2
8445328,7
12878764,2
34311620,2
7228353,1
27463172,1
24125688,6
26877580,1
25009311,1
14767124,1
13322086,1
8040226,1
33265191,3
33133859,2
24155502,1
33286153,1
25388349,2
6131915,1
34420172,1
8851161,1
6876742,1
25454511,2
25400195,4
26247731,1
24185430,2
33440442,1
33881768,3
16835208,1
28233779,10
28792409,1
29014463,1
27094243,5
5501649,4
33413371,1
10844679,4
26633301,1
17332813,2
32710059,15
27747601,1
2233150,1
2216808,1
33374875,14
33951141,1
25463590,1
19526685,2
2100931,1
33161085,1
25191918,10
12968833,1
33067695,2
11624295,2
26725728,4
20409697,1
17220125,1
26819524,2
12698554,1
27796521,10
15300727,2
7942420,4
33444435,1
12455663,2
25430600,10
20888254,11
16770255,3
12945904,1
24826474,10
26320378,11
34056606,1
19102846,3
26345967,2
25295190,2
27979964,1
32851487,2
13961526,4
24994173,1
15746074,2
1977231,1
12585051,1
14440775,1
24102260,4
34335309,1
7948289,1
25310391,2
17838756,2
2622636,1
23198719,10
33249100,2
15106363,1
28879585,1
6963268,1
15197318,2
18509987,1
2424560,2
6372027,1
33243717,1
5498786,1
7075819,2
21254427,3
25130681,3
33368818,4
25312593,2
12409628,1
32912733,1
33180386,1
10024752,1
4752380,1
27127577,1
20342052,1
26670437,2
3319960,1
11964774,1
23812095,2
24998497,1
27523746,1
8627400,1
12851481,1
33989524,1
33984863,1
17422380,1
26260077,2
28501591,2
33879377,1
33000429,1
12906805,2
24037055,3
15224749,1
32914137,1
27994790,1
27751446,1
6508927,8
27687121,1
10791855,2
6439796,2
7266967,1
27973731,1
33131266,2
25370585,2
17853334,1
19104967,1
19773589,1
34244672,1
17582591,1
27120129,1
23963250,1
15667291,1
24100620,1
33369585,1
9882491,2
29037205,3
28040154,2
32824795,2
34469716,13
29358232,4
27497551,2
32904350,1
24992593,3
19620493,1
24967809,1
33369597,2
16694960,1
14947946,1
33117442,2
33968282,2
11622536,1
13225175,1
33056335,1
13358373,1
29616717,1
27730319,1
6890386,1
26660834,2
27687827,1
15275858,1
12559538,2
25576930,1
27946064,1
25559891,1
25804904,2
24081716,2
20141060,2
26694543,1
33261436,1
19492961,1
33323508,2
27954461,1
27572418,1
7141991,3
23955710,1
33061937,2
12924148,2
27983269,1
10065772,1
27168007,4
27826290,2
13837663,1
32840761,1
25076525,4
17695818,2
33995103,2
17591962,1
19176251,1
14216965,3
33318501,1
31599667,2
14790330,1
8854959,1
25557384,1
17430860,2
3700540,1
17464318,1
28099091,7
27765679,1
6983400,3
34360873,1
32812885,4
14074152,1
13119384,1
17810243,1
14000258,4
15334746,1
25378453,2
19736333,8
21141915,1
24932763,3
11443715,3
27979967,1
12140418,1
6563470,2
21055483,1
25806494,3
16913859,3
28029875,2
20318009,14
26756226,1
34322878,2
25075179,1
26353016,1
26518214,14
33968734,3
10794875,2
21500249,1
6725553,2
4773063,1
33300934,1
28108972,6
34239536,1
26339948,14
11548838,2
33320914,1
26491848,1
15593990,1
15113071,1
34167009,1
27322712,1
11426865,1
33250865,1
28007424,1
33712421,1
27931711,1
19116131,1
32701502,1
33355300,3
4706254,2
25325345,1
12460676,1
27482436,1
14000167,2
8114866,4
33270948,1
12314832,1
32908008,1
4723736,1
14996222,2
33004239,1
33658951,1
26145521,1
12830045,10
28663974,1
8114539,3
24066683,3
26877583,2
19151310,1
32767240,2
33019318,1
27971040,8
33045653,3
13358387,1
25179097,1
27970584,1
24096709,12
11625919,1
19183827,1
32899546,2
20192330,5
28018637,1
17382563,1
15009868,1
25206439,1
11677471,11
2218023,1
13737675,1
2284697,1
13002142,1
24054658,2
26876086,10
26866644,2
3257231,1
33954767,2
23265395,1
34082912,3
32812698,1
25212653,1
25332831,2
1949590,1
32768903,2
32716558,4
11881273,1
26782828,4
33021642,2
25347980,2
31213598,1
11824497,2
26397951,1
24997924,1
27509612,3
29011460,1
28660919,3
10815330,1
26365333,2
12607002,1
23963251,1
33401515,1
33271066,1
32908222,1
8730021,1
5894992,1
25023663,4
11437094,1
23894523,2
4795441,1
24943820,1
26683776,1
15363189,1
2306621,1
12652015,1
7915226,1
2233487,1
26729817,3
11876124,1
23706438,2
15661787,3
33227697,2
25280618,6
19736910,3
17637422,1
8727234,1
19093517,10
26257824,1
8591213,1
34081808,1
19776558,1
34276978,2
17678546,1
20139155,3
33012304,1
26532607,1
23944054,10
28556217,2
24937670,1
14134877,2
23296167,1
34464314,5
25463793,2
15274545,1
16639582,2
2457852,1
15588908,2
19503079,2
12565264,1
25190755,2
8693110,2
12254007,7
26868074,1
19073592,2
23484446,1
33142498,2
32979882,1
15334083,3
27702645,16
15685002,2
25191132,2
14942510,3
15000476,1
33019883,1
26501645,3
27109832,1
24816718,10
32981220,17
33012406,1
33023622,1
11729112,2
28956051,4
9748309,1
28983390,3
5972878,1
27801812,1
14080652,1
19458000,1
23384189,3
24133019,1
19860093,3
6672374,1
16855050,3
17464979,1
6973994,2
7722307,1
33304565,1
27648721,3
28027648,1
12419842,1
19501573,1
26839103,1
28482997,18
28019476,1
19796046,1
34075184,1
34004484,1
26924226,1
27479213,1
26630300,1
33237724,1
7950999,1
27694121,4
33993929,3
31270817,4
12202673,1
33335556,2
5999378,2
33284918,1
33230573,3
20328100,1
15661497,1
7080138,2
6131895,2
19095463,1
11443974,2
12635189,3
6634209,3
3338621,1
28666147,2
25290852,16
6364047,1
19070225,1
25027578,4
12833082,2
33060140,1
14089966,1
17739323,1
33243737,1
27122157,1
33358764,1
26027120,1
24060471,1
15180218,1
32699733,1
4498781,1
28879715,2
8734774,1
26399823,1
11872607,1
25114346,2
11631362,1
14170068,1
27720989,1
25570713,1
11851425,1
33018606,2
32727880,1
6974469,1
13979531,1
15586262,2
15804312,1
10859374,1
31225528,1
12874672,2
24049653,1
27503352,2
32808463,10
28262224,1
17607265,2
32863022,1
33287310,1
19565105,1
28662395,1
25327079,2
26447728,3
28035599,1
9721849,1
6796019,1
25250993,2
19111986,1
24886282,1
17823008,2
25290803,3
17547732,1
1987511,1
27670851,2
12968900,2
20254305,1
31594321,1
28027705,10
25354391,1
27921094,1
34336765,1
20543015,1
2317850,2
34277137,2
34376326,8
34369886,6
34259287,2
34385087,1
27517807,1
16828808,1
34365134,1
21293270,1
15667287,2
11437097,2
27730582,2
34289823,1
27109573,1
33883309,1
34031769,1
33950762,1
27414257,3
34093726,1
13113361,1
11805666,1
11708077,1
27155056,19
33004497,1
34226066,1
34023635,1
27135890,1
34096259,10
17282143,1
17337852,1
33103550,1
26355295,1
33994009,2
6774393,3
32889688,8
15122337,1
10801866,1
7618553,1
23920420,3
32871555,1
12530053,1
33441904,1
12874736,2
13335965,1
26694569,10
8602636,1
32704739,1
33503487,1
7937131,1
32793965,12
2494890,1
33675000,1
25174905,1
20385151,1
33971060,1
26361530,1
33077866,1
13873247,4
16827815,1
33332069,1
25454406,1
33118577,6
32761755,1
19408025,2
17558611,3
13195619,1
17844507,1
33110487,1
8071799,1
17582635,15
5113272,1
28665841,4
17666874,1
25564935,1
27540805,1
25896165,1
23966734,2
26554523,2
29014244,1
24190446,2
33032828,20
23956540,2
33110501,10
17415212,2
18970135,1
33057125,1
23544470,3
12613794,1
2433197,1
32742787,2
33236865,10
10165830,1
27107162,2
32797386,2
4049421,1
27921250,1
19056295,2
7950997,1
9986381,2
27415211,1
26469243,2
8385963,2
20912843,1
25089830,1
26106847,1
17483986,2
8503754,1
19086070,1
24989094,6
33988252,2
11124045,1
31085963,2
28046392,1
28653969,1
8532676,6
24997204,1
31455558,1
24834206,1
26651228,10
6523110,2
15227546,1
33024489,1
14067894,11
28446534,8
33118137,1
4187579,1
34002827,1
34021055,2
4609087,1
7659428,1
28931647,3
14187194,2
25401012,1
16656504,1
27129676,2
33177454,4
1964479,17
4235303,1
33114837,1
11760584,2
33242184,3
33870697,2
15296019,1
33234943,1
11816951,2
26866574,1
33308814,1
33422352,2
32822135,10
28155446,1
1818362,3
33299370,2
33400530,4
32848731,1
32998021,11
9882201,1
33329681,1
26161059,1
32974324,3
32984658,1
33220715,2
21394058,1
21002524,2
6620563,1
11487920,1
25000171,2
24495424,1
33278897,3
2082354,1
24164802,1
33122378,1
33253996,1
18344212,1
33222041,1
19761721,1
2624562,1
33111686,1
33066095,1
33223928,1
4737694,15
23838153,1
33072357,1
26336495,2
33098186,1
33077183,1
32716121,1
30356818,4
11741470,1
8415862,2
33029989,10
33055690,2
33043601,3
12500777,1
14074123,4
26259726,1
12878922,1
14094708,4
6902487,1
32963110,2
20199962,20
23000709,3
32863289,3
32800829,1
27747582,1
26778199,2
27146902,2
14175795,1
27648501,1
19298477,1
25375419,1
25783455,1
15296091,2
25567337,4
28012711,1
29932034,4
27954839,1
26802780,2
26230267,2
13365886,1
19509369,1
32598743,1
24100894,1
26105973,14
27519815,2
13217248,1
26838998,2
29011451,1
28913245,4
17301432,1
27101366,3
33043641,2
26245242,1
24087490,1
27931789,1
17581560,2
7192950,2
28252666,3
27724589,1
17559281,2
34324178,1
27455780,1
7915234,3
4474246,1
33355229,1
26577423,7
15791798,7
12940185,1
15338603,7
28016783,1
27930171,11
1809062,1
20988203,4
21410013,2
11670703,1
12607031,2
26861541,2
20295967,1
17375520,3
24814826,1
20324176,1
12821591,1
8262980,1
27500879,2
19982426,1
33695759,1
26746402,2
27166057,4
29788062,1
8807637,1
27126292,1
27113381,2
1222235,1
12906682,2
15214121,1
33996522,10
26859177,1
33960254,1
8089368,3
26899566,2
25439649,2
26812267,1
10005982,1
33130106,1
9454760,1
19719401,1
19819022,2
7596205,1
9831882,1
12913033,1
26685602,8
17807027,2
25228618,1
14956555,1
26496208,1
11772175,2
34295376,1
34290639,1
7937872,1
25401445,2
25171653,1
10813344,1
8021652,1
17624006,1
25297225,2
23824538,1
20145724,1
25415797,18
32807817,2
13567666,2
18719480,2
25179484,3
25300311,3
28040137,2
12254061,1
27138749,1
19852187,1
19546696,2
11893943,2
11677684,1
19745724,2
19625594,1
17199315,1
32841549,1
15122395,1
17817078,1
25252780,1
25015784,14
19119983,1
24090867,1
34505617,1
27453068,1
18544295,2
18378709,1
5566638,1
9454285,1
17838710,1
14802289,1
15576751,1
16671042,1
2432358,1
19087115,3
17337862,1
15582779,1
13993341,4
21367628,3
6931525,1
11636268,2
15662231,1
8617827,1
8523263,10
32761853,1
26856619,3
5964048,1
6494447,1
6002546,1
13485044,1
16666055,2
7906302,1
7276713,2
15134987,1
20307209,1
15746305,2
23917792,1
19723152,1
7940439,1
968072,1
5993308,1
3200029,1
25083994,3
13195362,2
14028229,1
17661179,1
2049260,1
26682394,1
33306400,2
26227466,1
26516996,1
25324964,2
25453558,3
33083280,1
34497084,1
11535750,1
31702370,1
33354996,1
33400474,1
34348720,1
28027636,4
28128624,1
34074813,2
32711746,1
33883280,2
33960237,1
11824491,1
34449487,1
19121631,1
27787872,1
26502465,10
34395631,4
34478995,1
34126024,1
34466366,1
30709609,8
34156490,2
34453134,1
23959337,6
14781340,2
26583240,3
34126022,1
34411688,2
34439944,1
33984042,1
28026399,1
33026912,1
34432786,1
34334544,3
34328126,1
34408265,2
34413829,3
34404455,1
34291181,1
27724500,1
34308641,1
34255547,2
26787173,10
14067722,1
34390262,1
33353311,18
12907110,3
34369756,2
24855621,4
34067078,1
25334049,1
15608745,1
25395121,14
33179139,3
26524812,1
34102566,1
34013998,1
34344476,3
27979554,1
34331247,4
33871700,1
34322845,3
34274766,1
25565096,1
30366753,2
26618999,3
26820760,2
31762665,2
34256892,1
25178775,16
27426698,2
28146549,16
32716620,2
33086189,1
25245942,2
29330172,3
32983569,2
34242790,3
11853028,1
27698479,2
25068019,3
33674630,1
28559269,2
34212476,1
33036153,2
34127343,2
13476950,2
34207696,3
17695826,1
33949427,1
34162550,1
33020184,2
27504296,6
34121695,2
34105409,1
26469192,1
33877232,1
14109000,1
21319667,1
34044101,1
27995802,1
28863357,1
25340352,1
34105185,1
34091559,1
30017327,2
30211690,1
24066153,11
28097622,1
28161684,1
33045939,3
34014292,1
33444043,1
34057060,1
27491134,2
34039426,2
34039446,1
33986717,1
15074352,2
6540835,1
34000513,1
26399360,2
11908024,1
33995169,4
33995138,1
11548216,2
33861333,1
6963235,1
25354962,2
33987507,1
33973175,1
33178389,4
33972058,1
33963319,1
33677544,1
28121321,1
15709055,2
15179830,1
13859736,1
6032128,1
33397737,2
28287680,1
8814986,1
33733987,2
12480163,2
33001024,1
33365862,1
27959844,1
33593284,2
33442100,2
33411721,1
28459815,4
33417447,5
33042237,1
7988758,1
32807935,2
33403060,2
33331881,19
33393854,1
33373359,1
33334188,1
33234946,1
33359664,2
33361456,1
33360997,1
20233366,6
32814488,3
33105245,1
27730936,2
33323085,1
28992884,1
28125536,1
33316084,1
33285166,3
33276421,2
19413589,1
33222097,1
33261686,2
23683468,1
25442926,1
33190581,3
33257676,1
28991831,1
33234929,1
33245855,1
33230363,1
27745969,1
33223983,3
18898175,1
27964083,1
33131194,1
12480148,1
33138818,2
32727754,2
33102394,1
11726964,1
21007691,2
33077606,1
25458498,1
8263526,3
26857324,1
27834437,1
20889591,4
26854882,2
32992796,2
19476699,1
11950118,1
32992800,1
32983873,10
28655813,1
11733420,1
28311584,1
17736259,1
32846251,1
19481226,6
26559105,1
18218424,3
32890346,1
19449206,1
29037198,2
32900614,4
33022964,1
12387673,1
19685787,2
28222073,1
15681062,1
27815775,1
32824624,2
32981970,1
32824668,4
32824533,4
32807692,4
28245468,10
32791808,3
32788720,3
5996885,2
32784255,1
9806485,1
28863384,10
19459009,1
1809060,1
32716605,3
26639292,1
32720718,1
32711163,8
28045765,10
32682400,10
31396257,1
28653245,1
32698405,7
27169323,1
31720118,1
29994002,1
31454436,1
30249825,1
29037147,1
11948078,1
30118358,1
19116110,1
19255369,3
25149604,3
27721668,1
26364719,2
19103310,1
17826430,3
28029571,1
27931447,1
27715536,2
17762532,2
17642713,1
28145777,6
27508226,2
6696563,2
26868008,4
8616822,1
17653657,1
27159278,1
8471366,1
21143949,1
28035364,1
19106143,1
6440796,2
25428139,1
28046665,1
17497728,1
28038837,1
6651155,1
17722145,1
27962134,2
12116949,1
27952443,1
27718784,2
26819506,1
27948908,1
15292453,1
8380718,1
27952475,4
12473799,2
8555099,1
33043634,2
5599650,2
27921655,8
27917155,1
26023536,2
26268028,6
27739471,1
33861244,1
27733187,2
27577544,1
26467466,1
15338329,1
16797716,10
27539856,1
25130288,1
25321348,1
27622651,2
11488943,1
25314663,16
26325102,2
26325096,1
27509662,1
5961553,2
25775486,1
24920415,1
6280983,2
27456777,1
15240048,1
15353882,1
7915242,2
25020387,2
12666309,1
11741456,1
25233773,1
27138764,3
19630008,3
27118347,1
26086781,10
26875831,11
13354701,1
26858953,2
26792268,2
27004241,2
26986908,1
23903417,1
26894148,2
15327280,2
14140769,1
26862100,4
26328336,11
20209996,3
26790096,2
26808842,1
31324968,2
26731875,3
26101285,2
26772195,2
26790666,1
25432480,1
19102676,1
25453927,1
26335749,2
26224631,1
15106339,1
14121783,10
20197907,18
20156697,1
8128439,2
26590750,1
7903772,1
26536608,1
11695843,1
26450377,7
26454807,1
26432345,1
25312134,2
25451870,1
33996550,1
28040588,2
20950000,1
25568967,1
25272087,2
25437734,10
13979482,1
25456261,4
25447663,4
25369844,16
13455122,2
25409292,1
25405021,1
27726612,1
25338450,1
25352180,1
24814925,3
25353672,3
24973320,10
12996907,1
17757563,1
24960337,1
9738873,2
11039279,2
24164927,1
13412922,2
7370604,2
25064567,2
12287077,1
21390152,6
6662044,1
25219214,1
25223013,1
17836722,1
25137118,2
20054353,2
25184748,1
8180440,2
25043559,14
16710665,1
25188798,1
19494274,1
4408947,1
25003227,1
28118264,1
25065928,3
24923802,1
6632761,2
24993350,1
20263855,3
24982787,1
24981209,1
12500056,1
16959077,1
24134294,1
24038583,1
506280,1
23914919,10
34080461,2
15028608,4
33953078,2
23287842,1
32601216,1
10818052,1
12073351,1
24067964,1
23874854,1
15745917,1
2556005,3
10813505,1
27945236,1
32799954,1
34473941,1
34393215,3
6948887,3
34261420,1
27689700,1
34322800,1
6983495,1
24950470,10
8587882,1
33969108,1
20305862,1
14067881,1
25091259,2
32842412,1
23330076,1
9715543,1
11434471,1
23273136,2
23263886,1
32842444,2
23195941,4
11677621,1
14790177,1
2493165,1
33989010,2
33393215,2
12643528,1
8850621,1
13087013,1
6401503,1
21012277,3
16740664,1
21268733,3
17531564,1
21319629,1
19447845,2
21248306,1
33248572,2
4972219,2
33083251,1
21010405,2
21012921,1
20376459,6
20995215,1
33016679,1
10844805,1
20792600,2
2437849,1
11929810,3
19808432,1
19274871,1
8851172,1
12296395,1
20220998,3
32775591,1
32695842,2
20303138,1
19944624,1
20093041,1
19900198,3
17749596,1
19924371,3
19942520,1
5960157,1
27679366,2
24109775,3
15106411,10
8310688,1
9715548,1
19516465,2
19327228,1
19459687,1
12860120,1
19500276,1
15685943,2
19596230,1
19408022,2
17582527,3
27497979,1
18178406,1
19125869,6
19102851,1
18978667,1
18996024,1
17450478,1
19116125,1
17653970,2
9996643,1
20295582,1
19041755,1
17604614,1
17713575,1
23963248,1
4283188,1
17632100,1
11695391,1
17632152,1
17653187,1
17623672,1
12212100,2
6436751,2
15661725,1
17558133,1
15708927,21
17432329,6
17427184,1
17543521,1
9718464,1
8310437,2
33018176,1
15019686,2
25269981,2
15059685,2
16811460,1
19983914,1
9596399,1
16724811,1
16724834,3
14120389,1
26851178,1
34440500,1
15746122,1
34107011,1
7298673,7
34435229,2
15349135,1
15236695,3
15232813,1
14067857,1
15113015,1
34462698,2
12703358,1
11648395,1
15058908,4
4757835,1
8071607,1
13485265,3
14986133,1
14199295,3
25558644,3
13934152,1
25275416,1
25188818,3
8300103,8
12833172,1
25094305,1
7112058,1
12892793,3
32788038,1
14956572,1
14067872,1
13108124,1
12821921,1
31632380,1
12598378,1
17376382,1
10841527,1
12454068,10
15349040,1
28031993,1
24892850,14
12184254,1
11879438,1
6872379,1
2357943,1
7160356,2
11799786,2
3702217,1
11624517,1
6956983,1
8291614,2
11443980,1
11436634,2
11435974,1
10832493,1
25273033,3
10820677,1
9996659,1
7940542,1
27494209,1
9974377,1
14790415,1
19717967,1
8099398,2
13518067,1
8861035,3
21023379,21
8380711,4
8017895,2
7928953,2
27463171,2
12504892,1
2527516,1
26322759,1
10388517,1
8783388,1
11510519,1
25307438,1
11443619,1
33761555,1
6628601,1
4972796,1
10700975,2
14010832,3
14928546,1
15334311,1
29565819,3
30762582,3
29573642,3
33023587,3
33472573,1
23997911,1
24966625,1
25100614,8
20033877,3
23578019,1
25032452,1
26853386,4
34382622,1
34363210,1
34231065,1
317902,1
4473400,1
7931717,1
27101627,2
34348392,2
14795415,2
20923745,1
8617840,2
4007510,11
11733617,2
23948575,22
32979951,1
33121010,1
5501677,2
8444861,1
1809055,1
30076799,1
20974942,2
14067685,10
13934111,1
15354164,1
4795421,2
12906749,1
7916284,1
25295735,1
23085855,2
14206148,2
7043130,1
25100601,1
2385864,1
10815297,3
28319722,1
4520866,1
13358578,10
27148823,1
20112263,1
27532523,4
32806392,1
25211005,3
11443792,2
9996374,3
19466077,1
14175744,1
19458628,2
23906586,1
16780504,1
13613302,1
15146461,2
1769802,2
27539298,7
4153669,1
9996440,3
15019430,1
20329310,1
25398654,22
33217586,1
34333745,1
34341875,4
34342195,1
15125164,2
4552202,1
8317478,1
14111778,1
25897380,1
27577141,2
7950980,3
20887487,1
27158974,1
23355541,1
34239306,3
17379232,2
25131060,1
15273838,1
14097738,4
12987329,1
21306887,1
15750131,1
33376795,1
25446489,2
14132672,1
12829921,1
10836471,1
19449317,1
27150922,1
20305881,1
25335358,1
9715545,1
25181323,2
33020222,1
17695807,2
24133059,4
33178150,1
33672474,1
32761878,2
25348750,1
21003760,1
34307974,3
26778502,1
27416653,1
33249762,1
20105024,1
27476214,2
17376195,2
9794900,1
17791332,1
27490034,12
5772731,2
32976648,3
2232886,2
9806390,1
12511664,1
11929801,1
11547229,1
7907341,1
11435998,8
8262806,1
11437239,3
19042146,2
19041785,7
26632244,4
20328745,2
4945634,3
10068765,2
28285027,1
21027862,2
26853903,1
11725999,1
20999961,1
26632193,4
33669397,1
9996647,2
24132166,1
11694389,1
33018545,1
28134656,1
33073222,2
34107459,2
6983488,2
12729844,1
11443631,2
32794573,1
14960509,1
11698450,1
9552996,1
27495616,1
17414903,1
18114680,1
17579866,6
17432339,1
17325012,1
33271012,1
13391931,6
12829864,1
19413584,2
27721700,1
12816772,1
11744513,10
17389797,1
17547332,2
6438519,1
27752784,4
33012832,1
9974597,2
17528736,2
33250208,1
15300685,1
15085936,1
11887667,2
15129760,1
1853114,1
4795443,2
8611143,1
8861229,1
8540320,1
4607958,1
4945383,1
8861987,1
4040390,2
5851347,1
6019577,1
4610854,1
4795417,3
4751147,1
8571601,1
8654071,1
2648878,1
11513194,1
11639490,1
11641873,3
11620807,1
12892366,1
12906841,1
12279116,1
12530047,2
12883956,3
12963200,1
12282514,3
12282536,1
12454046,2
12529979,1
12804483,2
12869245,1
10117330,1
8017660,2
7950975,2
12254080,1
12812563,1
13123667,1
6946903,2
6601425,2
20295584,2
20368490,1
20913650,1
21045541,1
21051470,1
21051682,2
21082309,4
21129962,1
21094068,1
21207637,1
21312882,3
21350793,1
21511479,1
14890711,2
15019443,1
15135091,1
15232281,1
15334367,3
15579481,1
15349248,1
15581555,1
15637852,1
14132089,1
14175737,1
14199522,4
14910599,1
14796528,2
14910604,1
14991272,1
15146455,4
15224504,1
15321997,1
15690342,1
15745665,1
15618604,1
15645806,9
15709001,1
20235288,6
20303163,1
20902795,1
20957899,11
20948569,1
20958403,1
20991146,2
21057989,3
21074315,1
16733458,1
14199535,1
14910589,1
14948917,1
15363260,1
21083631,1
21170193,1
21158266,1
21192542,1
21265778,1
21268075,1
21306853,1
20871188,1
20974939,1
19000013,2
19041795,4
19085474,2
19122344,1
19763892,2
19807545,2
19920892,10
19207849,2
19242216,1
19313334,2
19408214,2
19649508,1
19649513,1
19842280,3
19808862,1
19841882,1
21028204,1
21192898,10
21209727,2
21211986,2
21251594,2
21359452,1
23043883,2
20218388,4
20256023,4
20241822,1
20813727,1
20902791,1
22999421,3
23028940,1
23089174,1
23218647,2
23294870,1
23296168,2
23309072,10
23310676,10
23382588,1
23392595,1
23503613,2
23596745,1
23705408,1
23816203,1
23309088,1
23467268,1
23499825,2
23513509,1
23752143,1
23693382,1
9996646,1
9883191,1
9996650,1
10187213,4
23675700,1
23474885,1
23480804,1
23714177,2
23517503,1
23766604,1
23728646,1
23715799,2
23716580,1
23759886,10
23760189,1
23790339,1
23898026,1
23910919,2
27130435,1
27131888,1
27175386,1
27161236,1
27415413,1
27450265,2
27422329,1
27303037,2
27415499,1
27419228,1
27479344,1
27462909,1
27443182,1
27491356,1
27466692,1
27469945,1
27489030,1
27508064,2
27514932,3
27486298,2
27518553,2
27519828,2
27540551,1
27516854,2
27506656,2
27511301,1
27514306,1
27532662,1
27522384,1
27535173,1
27531945,1
27673305,2
27706544,1
27672224,3
27732268,2
27714410,2
27718482,1
27730654,2
27729252,1
27737292,1
27734454,10
27744034,2
27796388,8
27743335,4
27820621,1
27820386,1
27845572,4
27798205,1
27926335,1
27926638,1
27934075,1
27930002,2
27935470,4
27937869,1
27966883,1
27983721,4
27974354,1
27982671,2
28047256,4
28043491,1
28044337,1
28037454,2
28097220,1
28043567,3
28118897,1
28105637,1
28127210,3
28125246,4
27150168,1
27148690,1
27150152,1
26861720,1
26996028,15
26899962,1
26968629,2
27001076,2
27036939,1
27095375,3
27103931,2
27101717,1
24116805,1
24129832,1
24139833,1
24421992,1
24848684,1
24834658,1
24976209,1
24959918,1
24994128,1
25049093,2
25076407,1
25210439,3
25159584,6
25253771,2
25241942,2
25245034,1
25316798,1
27536311,1
27532193,1
27699800,2
27715772,1
27672914,1
27719361,1
27709177,1
27739365,1
27726526,1
27741969,1
27905909,1
27755560,1
27857340,1
27951932,7
27926529,2
27703979,1
27704850,1
27796472,1
27886146,2
27905906,10
27917821,1
27941561,1
27963462,2
27979550,2
27979575,10
27982677,1
27979660,10
27985861,1
27978099,1
27495360,1
27501603,2
27500889,2
27506085,1
27508048,1
27509549,1
27541234,1
27648730,1
27654268,2
27706829,1
27706537,2
27738880,2
27728794,1
27730442,2
27842540,2
27926483,3
27925865,1
27926360,2
27930180,2
27941468,1
27930135,1
25004215,3
25073720,2
25093465,3
25213105,10
25197677,1
25165223,3
25239576,1
25258662,1
25262432,1
27066659,14
27111993,1
27108191,2
27097755,3
27116552,3
16717932,1
17181226,1
17321570,1
17369280,1
17461183,1
17477423,1
17483998,1
17528121,1
17558577,10
17539923,2
17695785,1
17822540,3
25332307,11
25337041,1
25423141,2
25453620,1
25462875,1
25550706,1
25571122,2
25573136,1
25755952,1
26103509,3
17253076,1
16932819,1
17352147,1
17306130,1
17695786,1
17816908,2
17796173,8
17816923,3
17844514,1
18847131,4
19041759,1
19097248,1
19139129,1
19435278,1
19776579,10
19623225,1
25428197,1
25547935,1
25576796,4
25804977,1
26234365,22
26264578,1
26329049,1
26434795,1
26628280,2
26603573,3
26661153,1
26656216,1
27181706,4
27461086,1
27417856,1
27983385,1
27997474,1
28012660,1
28007317,1
28003103,2
28029671,1
28044363,4
28036356,2
28031641,4
28056001,10
28061182,1
28121915,1
28125238,4
28105028,1
28146261,1
28130002,1
28142638,2
24020599,1
24113728,2
24088958,1
24124684,4
33004518,1
33004922,1
32998138,6
32999996,1
33007874,1
33030183,1
33037018,1
33024144,1
33055652,2
33026956,1
33062224,1
33028974,1
33066787,1
33031786,1
33069051,1
33038336,1
33083955,7
33039978,2
33062254,1
33073259,1
33073529,4
33085667,1
33089805,1
33099705,2
33105922,1
27415346,1
27436215,1
27478887,1
27494818,2
27466689,1
27504628,1
27501624,1
27511706,1
27511940,2
27541228,1
27648917,4
27718873,1
24001173,1
24026186,2
24070289,1
24132176,1
24107419,1
24984465,4
25065799,1
25087849,10
25166890,1
25175027,3
25256379,1
25256373,1
25329311,3
25308642,2
25292508,1
25295220,2
25256443,1
25263223,2
24871122,3
24916387,3
24963382,1
25004429,4
25048578,1
25079563,10
25174887,1
32714660,1
32712355,2
32702232,1
32708436,1
32716651,1
32714654,1
32760784,1
32825192,2
32826585,1
32791063,1
32814489,1
32808477,2
32862286,2
32840546,4
32890416,1
32859403,11
32935877,1
28382296,1
28416217,1
28562483,1
28587910,1
28663652,4
28650410,4
28652036,14
28664740,3
28664677,1
28668330,2
28122552,4
28115798,1
28155006,1
28161503,1
27153234,2
27417383,1
27430452,1
27535484,1
27671455,2
27703976,1
27706467,2
27706687,1
27717058,4
27735145,2
27800352,4
27929727,1
17623281,1
17713621,2
17693227,1
17806916,1
16739840,1
16780595,2
16797704,1
17713550,1
32716092,1
32724247,22
32761679,1
32784396,4
32831088,1
28513197,1
28612962,1
28657128,3
28659385,4
28653994,1
28897349,1
28653965,10
28666981,2
28668593,10
29037215,3
28985558,1
30017224,2
31671617,1
27771372,2
27965826,2
27963161,1
27961504,3
27981176,2
28010713,1
27992870,1
27995990,2
28054219,4
28038481,1
28106927,1
28102849,1
15216945,1
15521845,1
15637842,10
15224225,1
15530994,1
28745910,2
30076795,1
29017476,2
29018932,1
30513904,2
30710038,1
32696792,1
31661979,1
30793503,1
32696995,4
32710763,1
31930023,2
32720399,1
32742951,2
32707436,1
32742192,1
32841330,4
32822610,1
32830923,2
32824346,2
28413201,1
28467896,1
28477458,1
28458718,1
28105699,2
28118805,4
28123259,3
27417855,1
27422442,2
27435899,1
27536399,4
27670400,2
27726488,1
27746519,1
27760461,1
27949813,4
21133474,1
21171802,2
23949975,1
24058161,8
24070563,22
24088961,1
24177835,1
26840407,2
26806770,1
26808762,1
26822707,3
26724072,1
26696738,2
26698093,2
24897408,1
24922830,2
24822159,1
24968796,2
24994870,1
24973243,2
27122689,3
27136122,1
26857759,1
26821492,4
26822604,1
26859229,2
26861537,11
27163498,2
23214932,1
23274028,1
27688905,1
27661467,15
27674161,1
27707893,1
27731614,4
27921363,1
27927695,2
27931183,1
27961005,1
27111137,1
27118440,1
27122969,1
27111130,2
27131454,1
28580836,1
28663460,1
28664692,1
28755787,1
28986347,1
29013079,1
28148427,2
28155484,1
28190148,1
28220075,8
28184410,3
28213146,1
28260201,1
28214068,1
28288981,2
28138977,14
28149237,1
28153814,1
28244708,1
28183422,3
28213065,1
28271147,1
28340208,4
28667724,1
32706263,1
32798069,1
32834383,1
32822581,6
32908452,1
29327755,1
30936710,1
30483354,1
32668597,1
32601219,1
32626892,2
32716116,1
31912286,1
24064823,3
24139882,1
24980546,3
24981972,3
24984477,1
25147971,1
25397650,1
25456258,3
25463048,2
25456213,3
25416073,1
25418146,1
25458476,1
25946078,1
26217375,1
26227178,1
26259766,1
26344931,1
26327223,1
26337818,2
26338593,3
26441042,3
26464690,3
32992267,1
32975614,1
32976930,1
33006649,3
32988248,1
33017318,1
33018411,1
33019336,2
33053681,1
33057095,3
33072651,10
33110319,1
33113621,2
33120329,10
33121491,1
33138815,1
33152631,1
33224206,8
33217209,1
33219160,1
33226129,3
33224594,3
33189669,1
33245783,4
33243786,1
33250920,1
33252823,1
33266618,18
33311602,4
33322389,2
33306309,1
33355255,4
33343783,2
33345372,1
33349630,2
33400442,1
32979931,1
32927125,1
33042494,2
33053688,1
33033093,1
33046210,1
33065665,1
33072381,1
33100755,2
33074358,1
33117161,2
33122816,18
33123886,2
33110329,2
25852553,2
25925810,1
26193479,1
26258521,1
26365466,1
26365860,2
26456720,1
26444843,3
26639408,10
26628632,1
26684049,1
26639367,10
33399742,2
33400162,4
33367170,1
33399232,1
33382415,1
33391176,1
33441646,1
33404315,1
33418369,1
33442984,1
33444093,1
33472612,1
33595550,1
33440173,2
33595093,1
33671854,1
33787222,1
33813141,1
33595073,1
33673116,1
33712710,10
33675706,4
33787211,1
33736701,1
32980365,1
32935911,2
25323322,16
25423241,10
25575946,1
25986884,1
26230333,2
26229966,10
26320403,11
26310923,1
26364542,1
33761564,2
33787900,1
33680173,1
33737177,1
33787905,1
33862744,1
33677353,1
33950685,1
32991816,1
32980478,4
32995301,1
32996490,2
32999653,1
32988808,4
32997200,4
32997268,1
33021890,1
33023544,2
33010677,1
33359757,2
33359321,1
33671858,1
33761652,1
33787226,3
33745584,1
33813146,1
33962236,1
33956505,1
33872303,1
33983744,1
34027120,1
33986472,1
34033443,1
34036828,1
34002988,1
34003355,1
34046872,1
34036306,2
34053434,1
34056730,1
34045539,2
34066475,1
34068414,1
34076653,1
34084647,1
34106855,1
34144594,1
34127298,1
34255548,1
34244708,1
34310045,1
34304356,1
34320990,1
34311205,1
34316517,1
34327440,1
34325513,1
34319590,2
34295727,1
34331925,1
34367010,1
33787218,1
33677250,3
33394212,2
33369881,2
33404359,1
33411847,1
33443912,1
33595616,1
33787221,1
32980810,1
32970960,2
32983836,1
33993988,1
34002772,3
34028693,1
34043098,6
34034460,1
34066819,1
34048049,1
34074799,11
26877383,1
26867659,10
34279002,3
34282483,2
34241336,1
34258187,11
34258257,11
34312527,3
34297364,1
34284615,1
34284688,11
34334620,3
34340872,6
34329188,1
34350431,1
34299494,1
34333041,1
33787209,1
33787225,1
33871096,1
33988623,1
33989334,11
33974083,1
33974057,1
33984963,2
33962104,1
33999061,7
33974183,1
34005186,2
34033500,1
33999059,7
34099006,3
34069748,1
34096190,1
34115961,2
34098111,4
34146450,1
33670544,2
33876168,4
33949741,1
33861411,7
33954379,4
33863872,1
33950469,1
33960576,1
33969023,1
33994905,2
33995414,2
34022718,1
34034430,3
33974186,1
33680172,1
33595253,5
33881318,3
33897727,10
33787208,1
33787223,1
33966434,1
33951531,2
33987384,1
33994913,2
34024118,3
34023625,1
34135290,1
34144980,3
34112063,3
34187538,2
34146477,8
34224405,2
34257977,7
34234813,17
34288088,1
34302164,1
34258277,11
34254065,1
34275879,2
34304360,1
34321463,1
34310079,1
34297728,1
34332354,2
33002939,4
32995628,1
34065126,1
33724601,1
33951535,2
33962234,1
33949325,1
34002814,2
33870506,1
33874436,3
33919066,2
33862189,4
33969203,2
34021322,1
34013134,1
34030200,3
34026779,1
34064841,2
34023666,2
33995167,4
34002833,2
34046837,1
34084127,1
34094423,1
34097453,3
34127228,1
34133437,2
34345774,1
34344547,2
34382625,1
34384062,1
34355239,2
34367275,1
34416989,9
34412341,2
34449016,1
34430591,2
34110221,3
34145875,1
34127623,2
34160824,3
34288481,1
34248335,1
34244712,1
34311075,2
34315186,7
34288295,2
34320902,10
34350395,4
34398036,10
34334704,2
34374182,1
34384129,1
34420157,1
33985284,1
33995475,1
32904194,4
33503562,1
33443844,1
33787214,8
34350467,3
34350758,3
34384075,1
34386354,1
34386662,3
34328023,2
34388544,3
34367277,1
34391299,2
34342028,1
34347057,1
34406155,1
33990654,1
34067199,1
34108591,1
34127978,1
34115637,6
34168490,1
34331553,4
34337632,1
34411977,2
34423278,1
34405723,1
34478688,3
34419230,2
34471651,1
34432057,1
34471657,1
34479206,1
34514717,4
34476817,1
34445999,1
34501178,1
34495424,1
34502928,2
34514931,3
34514899,1
34518573,2
34480901,1
34516489,2
34485313,1
34524442,2
34495359,1
34532948,1
34509574,2
34509929,1
34508995,1
34515006,1
34435391,1
34464291,2
