poi_id,category_id
311103,1
2005826,2
311087,3
4542125,4
311089,5
2037764,6
14051467,7
317890,8
5505885,2
10005057,3
2475475,9
15292553,7
8290115,2
317896,10
454974,4
1489190,4
317893,2
4552853,9
1929610,11
10836601,12
455387,13
454975,1
1830324,9
2389145,14
2273335,15
26805055,16
311094,15
2273343,2
11622038,17
2414430,18
25169046,19
33677575,13
18314088,20
635380,3
33076194,16
7907864,21
1178970,14
454972,12
10085046,15
8090785,9
1784754,2
8851175,9
6403614,9
1910195,8
550709,9
1165087,22
6438587,23
19757799,9
4597843,2
25340691,19
9582552,24
7736325,25
21230453,6
12084531,3
2407915,15
8754863,26
19255200,27
33099376,9
2168911,11
33235970,27
21051684,28
1368412,1
9806454,29
34257950,16
2484797,3
14928513,3
317898,2
25090493,27
317904,30
6602281,31
9456964,32
11445105,33
550712,34
8295665,35
13957334,19
1724542,36
311100,1
8017932,37
1682089,38
8009199,39
27990845,40
27120263,41
17722137,9
550711,42
8630608,17
2385857,15
12820616,19
317889,15
26809160,43
8010180,39
311092,18
8181417,3
8300005,44
1370386,1
11885518,9
1752815,45
8595674,46
8310942,47
26680907,9
33269337,9
1370380,31
7927054,11
4580323,9
5970625,48
27415839,49
26103372,9
27936796,50
6902917,19
10024158,51
2550321,19
10801837,52
8396485,53
27471402,54
2357145,18
11443657,4
552637,15
12033619,38
8827357,3
8800458,18
7714795,15
25188298,48
8290309,18
7158706,23
32793701,38
7827635,15
17569133,9
8587831,15
11512931,3
8028360,9
23823253,18
11680691,43
14025887,48
33316308,55
7743972,9
25572460,56
20051280,57
1742604,30
7339849,48
25336113,58
2481547,19
11848774,16
3337501,4
10844542,18
8772716,59
27346810,60
311105,15
19820968,34
12125198,9
3731488,48
4559699,2
15685988,48
11121258,61
4826315,62
2283872,48
24107412,18
7171779,63
27714378,64
27705549,27
9806515,15
8856733,15
32796078,38
28006662,7
15511824,3
9974461,24
10068803,65
30525859,66
7346527,19
12435632,19
4795476,56
1557134,67
33067153,68
3677899,69
27525355,70
6975254,71
2336225,72
28126911,18
8263887,7
33334970,27
10000822,18
32983757,41
33350503,56
6864271,48
7333808,73
33272100,26
33357814,74
16657089,38
25551844,48
12719595,75
32706121,9
17739279,15
8556994,56
34462576,1
32983638,9
23300698,48
25574736,48
25303789,76
11918966,48
2154294,48
24162332,72
20910619,77
6721127,78
11746398,48
33972276,48
7109031,72
27939068,79
10525874,56
12231655,41
27747708,80
2334935,48
21493307,81
19476887,82
27296727,56
3749935,48
15592702,48
8602875,69
17543751,63
967468,83
7141990,56
6994939,56
32843138,48
9467065,56
14776389,69
33222223,48
1546696,48
26322637,62
6961416,56
8775058,84
10068595,41
17379155,41
8071230,41
4170589,85
28120938,69
455410,72
17604603,27
28285527,48
8517570,86
27130109,87
6601902,56
19259802,48
12295934,48
4881460,56
8599407,88
8602484,48
27686907,41
7273452,72
34002993,89
20171721,27
7596221,56
7057020,48
15212886,48
27478200,48
1371527,48
19408793,48
3567267,48
11741717,56
4771094,56
14116019,48
28559328,90
20295587,91
14054034,81
8317497,56
28108702,48
10926187,92
12365770,69
8610811,93
12374411,48
25073674,48
13934245,56
6351606,94
3763209,56
4411306,95
10092053,28
2044621,96
16811556,97
12969306,48
30703267,72
27173896,98
12432519,77
2414201,48
27128455,48
12698370,77
14134897,99
7700073,100
4097768,101
33338784,48
2559479,69
25065842,48
5957860,48
4108043,72
26720262,48
1170827,102
27707365,56
26875853,56
25354953,48
23736709,48
11872390,48
11899009,48
6982572,67
4177826,103
28454178,87
26791887,48
8869748,77
4552856,56
25973054,87
26267736,48
12600679,56
5921457,48
13984791,48
10455052,48
24001941,56
11690404,48
10117391,104
9754920,72
3432676,72
11710229,48
12838076,56
1930367,56
27525288,48
33320290,48
7241907,56
17118070,56
16656422,56
28010412,48
18940966,56
8432743,72
3394479,72
25229877,48
2726268,48
9563623,56
3397942,48
3815598,72
25006681,48
6385014,99
32786147,48
6956299,56
33333014,48
12584392,48
7310219,105
7205645,56
2417715,48
26773215,48
1746272,67
21142314,56
18453788,72
13123395,92
24051572,69
28466845,48
17596766,76
33948567,48
29009530,48
20300693,48
15528737,63
25171188,106
13162032,80
7154018,107
8856586,48
23718217,48
32908268,56
6498863,48
2187722,48
23241279,48
5038003,56
2099329,108
1837685,109
33404918,77
8262761,110
25053984,48
1636752,111
13340286,56
4873291,56
26916395,48
25093665,48
6774221,48
14960488,69
11437030,56
17212823,112
12788024,48
6827604,110
24977107,113
10694795,114
17838697,56
2149556,115
10767864,48
16882798,48
7396352,48
10836066,116
11879452,48
12212953,48
12848297,92
2004786,96
10044301,117
3948543,118
28252124,119
19163793,63
17801726,63
26223282,120
33301162,121
33301162,122
25789447,123
18830093,124
13073660,109
8647034,96
19323919,63
24131945,124
2264651,125
8856664,126
13441867,127
5539395,109
15019919,63
12226320,128
12226320,129
15296299,130
13421912,104
15278678,131
8263413,78
16872213,132
2273094,63
7767149,133
17379413,134
24010769,135
11918882,136
26730795,63
13447187,130
3617391,137
13442216,138
34036748,139
33212849,124
33678444,140
33678444,141
27533962,142
4480894,63
5982006,118
1307686,143
20661122,67
13006978,144
24902115,145
5501655,63
17733614,118
7339857,146
7194403,63
15681266,113
5461656,118
34064312,93
6387515,137
25293417,147
25293417,148
25234074,149
17548235,104
11544014,63
2487716,150
24122789,67
6429729,151
6560716,94
2435196,152
13391755,118
15522949,124
28055218,140
28055218,153
28055218,154
17604040,155
2266103,130
14790505,145
3959210,145
2424536,130
8291676,118
2435402,156
12124708,130
27689774,63
8765849,157
13871488,158
2226088,159
18207039,160
12204583,109
26830472,147
26830472,161
11612118,118
12508941,118
14025564,93
1997306,162
17762416,118
27640676,140
27640676,163
26998060,164
28110943,101
28043812,69
27946568,128
27946568,129
23470134,165
23470134,154
7065652,67
12250546,118
17600319,123
26867653,166
15592663,167
34418206,92
17607737,131
34495164,48
25406507,168
33007917,48
8810040,159
30236236,48
16159007,124
4237570,169
12150062,72
27105186,170
14086619,124
24996778,124
28001024,114
27175388,98
12387550,171
19331065,168
12829824,118
8009540,78
17282150,137
25129936,124
11435831,172
32811188,78
27926877,48
25257326,48
34262636,56
28016792,72
16698454,48
33116956,48
26923954,48
4223482,173
17427697,96
5991449,147
5991449,148
27951546,174
28044127,69
34389096,72
25553159,140
25553159,175
9754912,136
29788030,176
15638160,63
10794820,118
24970697,177
26343200,145
28029827,48
8445328,136
12878764,178
34311620,48
7228353,72
27463172,109
24125688,67
26877580,48
25009311,72
14767124,48
13322086,48
8040226,63
33265191,48
24155502,155
33286153,179
25388349,180
6131915,48
34420172,118
8851161,145
6876742,134
25454511,48
25400195,136
26247731,181
24185430,48
33440442,182
33881768,56
16835208,48
28233779,158
28792409,183
29014463,184
27094243,185
5501649,149
33413371,56
10844679,63
26633301,48
17332813,118
32710059,180
27747601,186
2233150,126
2216808,147
2216808,154
33374875,98
33951141,69
25463590,187
19526685,140
19526685,188
2100931,118
33161085,48
25191918,48
12968833,48
33067695,189
11624295,190
26725728,48
20409697,77
17220125,73
26819524,191
12698554,48
27796521,48
15300727,114
7942420,118
33444435,182
12455663,67
25430600,132
20888254,180
16770255,63
12945904,56
24826474,118
26320378,192
34056606,137
19102846,124
26345967,48
25295190,48
27979964,48
32851487,193
13961526,194
24994173,48
15746074,72
1977231,149
12585051,195
14440775,48
24102260,145
34335309,56
7948289,126
25310391,48
17838756,116
2622636,130
23198719,124
33249100,48
15106363,118
28879585,28
6963268,56
15197318,56
18509987,131
2424560,196
6372027,197
33243717,198
33243717,122
5498786,149
7075819,150
21254427,48
25130681,126
33368818,184
25312593,63
12409628,199
32912733,48
33180386,118
10024752,146
4752380,149
27127577,200
20342052,199
26670437,56
3319960,48
11964774,48
23812095,56
24998497,124
27523746,48
8627400,119
12851481,76
33989524,48
33984863,56
17422380,63
26260077,48
28501591,201
33879377,48
33000429,48
12906805,78
24037055,48
15224749,135
32914137,202
27994790,48
27751446,203
6508927,78
27687121,48
10791855,56
6439796,127
7266967,48
27973731,87
33131266,48
25370585,204
17853334,205
19104967,168
19773589,140
19773589,206
34244672,207
34244672,122
17582591,208
27120129,48
23963250,48
15667291,149
24100620,69
33369585,48
9882491,96
29037205,48
34469716,48
29358232,209
27497551,48
32904350,124
24992593,48
19620493,210
24967809,116
33369597,48
16694960,48
14947946,72
33117442,48
33968282,56
11622536,118
13225175,72
33056335,130
13358373,72
29616717,184
27730319,56
6890386,56
26660834,48
27687827,48
15275858,211
12559538,118
25576930,72
27946064,48
25559891,212
25804904,48
24081716,72
20141060,48
26694543,108
33261436,48
19492961,69
33323508,207
33323508,213
27954461,63
27572418,214
27572418,215
7141991,56
23955710,131
33061937,67
12924148,72
27983269,48
10065772,156
27168007,48
27826290,48
13837663,56
32840761,48
25076525,48
17695818,72
33995103,184
17591962,216
17591962,154
19176251,124
14216965,69
33318501,48
31599667,204
14790330,56
8854959,48
25557384,217
17430860,205
3700540,72
17464318,218
28099091,56
27765679,56
6983400,92
34360873,219
32812885,48
14074152,144
13119384,220
17810243,124
14000258,56
15334746,221
25378453,48
19736333,63
21141915,56
24932763,48
11443715,48
27979967,72
12140418,48
6563470,48
21055483,48
25806494,48
16913859,56
28029875,48
20318009,222
20318009,215
26756226,48
34322878,48
25075179,48
26353016,114
26518214,63
33968734,72
10794875,56
21500249,223
6725553,149
4773063,170
33300934,192
28108972,144
34239536,224
26339948,225
11548838,77
33320914,109
15593990,226
15113071,72
34167009,48
27322712,48
11426865,227
33250865,48
28007424,48
33712421,48
27931711,48
19116131,73
32701502,108
33355300,124
4706254,48
25325345,56
12460676,228
27482436,48
14000167,48
8114866,229
33270948,230
12314832,113
32908008,231
4723736,48
14996222,72
33004239,48
33658951,140
33658951,175
26145521,124
12830045,91
28663974,118
8114539,48
24066683,56
26877583,48
19151310,77
32767240,72
33019318,232
27971040,63
33045653,91
13358387,48
25179097,233
27970584,63
24096709,140
24096709,234
11625919,56
19183827,124
32899546,86
20192330,127
28018637,41
17382563,48
15009868,52
25206439,140
25206439,235
11677471,150
2218023,72
13737675,48
2284697,56
13002142,48
24054658,72
26876086,131
26866644,48
3257231,56
33954767,184
23265395,236
34082912,237
32812698,48
25212653,48
25332831,48
1949590,238
32768903,239
32716558,63
11881273,48
26782828,192
33021642,56
25347980,48
31213598,240
11824497,56
26397951,48
24997924,72
27509612,48
29011460,48
28660919,48
10815330,136
12607002,118
23963251,56
33401515,48
32908222,109
8730021,48
5894992,72
25023663,145
11437094,41
23894523,48
4795441,48
24943820,118
26683776,48
15363189,241
2306621,48
12652015,93
7915226,242
2233487,173
26729817,140
26729817,243
11876124,48
23706438,217
15661787,92
33227697,27
25280618,63
19736910,48
17637422,212
8727234,126
19093517,48
26257824,56
8591213,48
34081808,244
19776558,48
34276978,48
17678546,131
20139155,245
33012304,56
26532607,48
23944054,193
28556217,48
24937670,127
14134877,171
23296167,192
34464314,210
25463793,246
15274545,181
16639582,247
2457852,48
15588908,48
19503079,91
12565264,178
25190755,48
8693110,114
12254007,170
26868074,72
19073592,19
23484446,85
33142498,48
32979882,56
15334083,48
27702645,86
15685002,140
15685002,175
25191132,48
14942510,48
15000476,145
33019883,48
26501645,48
27109832,76
24816718,48
32981220,18
33012406,48
33023622,41
11729112,56
28956051,48
9748309,48
28983390,72
5972878,238
27801812,48
14080652,56
19458000,56
23384189,48
24133019,19
19860093,124
6672374,56
16855050,48
17464979,56
6973994,56
7722307,72
33304565,131
27648721,48
28027648,248
12419842,48
19501573,249
26839103,48
28482997,250
28019476,72
19796046,63
34075184,9
34004484,56
26924226,48
27479213,193
26630300,56
33237724,251
7950999,72
27694121,145
33993929,252
31270817,48
12202673,137
33335556,48
5999378,48
33284918,214
33284918,215
33230573,48
20328100,76
15661497,117
7080138,253
6131895,147
6131895,148
19095463,254
11443974,56
12635189,108
6634209,173
3338621,56
28666147,48
25290852,147
25290852,161
6364047,72
19070225,56
25027578,149
12833082,48
33060140,48
14089966,48
17739323,76
33243737,48
27122157,48
33358764,48
26027120,255
24060471,48
15180218,48
32699733,106
4498781,72
28879715,180
8734774,48
26399823,41
11872607,72
25114346,48
11631362,114
14170068,48
27720989,256
25570713,48
11851425,149
33018606,207
33018606,122
32727880,257
6974469,48
13979531,108
15586262,48
15804312,48
10859374,74
31225528,74
12874672,217
24049653,180
27503352,27
32808463,124
28262224,184
17607265,48
32863022,144
33287310,258
19565105,63
28662395,132
25327079,259
26447728,48
28035599,48
9721849,56
6796019,56
25250993,48
19111986,131
24886282,204
17823008,110
25290803,48
17547732,91
1987511,48
27670851,48
12968900,48
20254305,56
31594321,48
28027705,63
25354391,15
27921094,27
34336765,48
20543015,124
2317850,48
34277137,48
34376326,125
34369886,19
34259287,48
34385087,56
27517807,48
16828808,91
34365134,256
21293270,91
15667287,52
11437097,72
27730582,48
34289823,130
27109573,48
33883309,150
33950762,48
27414257,140
27414257,163
34093726,48
13113361,72
11805666,72
11708077,48
27155056,124
33004497,72
34226066,48
34023635,260
27135890,48
17282143,48
17337852,48
33103550,256
26355295,48
33994009,134
6774393,261
32889688,190
15122337,262
15122337,215
10801866,48
7618553,56
23920420,27
32871555,56
12530053,263
33441904,48
12874736,48
13335965,56
26694569,264
8602636,93
32704739,48
33503487,48
7937131,48
32793965,140
32793965,235
2494890,56
33675000,118
25174905,48
20385151,72
33971060,77
26361530,56
33077866,74
13873247,63
16827815,56
33332069,48
25454406,56
33118577,219
32761755,265
19408025,228
17558611,56
13195619,56
17844507,48
33110487,48
8071799,56
17582635,142
5113272,173
28665841,184
17666874,69
25564935,41
27540805,173
25896165,34
23966734,72
26554523,9
29014244,56
24190446,147
24190446,266
33032828,245
23956540,56
33110501,86
17415212,145
18970135,48
33057125,48
23544470,56
12613794,48
2433197,48
32742787,267
33236865,228
10165830,257
27107162,268
32797386,72
4049421,48
27921250,269
19056295,270
7950997,72
9986381,56
27415211,72
26469243,63
8385963,56
20912843,192
25089830,87
26106847,271
17483986,72
8503754,56
19086070,124
24989094,63
33988252,48
11124045,85
31085963,98
28046392,48
28653969,48
8532676,56
24997204,272
31455558,273
24834206,72
26651228,48
6523110,56
15227546,274
33024489,19
14067894,108
28446534,275
33118137,48
4187579,99
34002827,48
34021055,48
4609087,100
7659428,56
28931647,240
14187194,72
25401012,135
16656504,276
27129676,48
33177454,48
1964479,277
4235303,115
33114837,61
11760584,48
33242184,278
15296019,279
33234943,48
11816951,56
26866574,48
33308814,48
33422352,86
32822135,48
28155446,72
1818362,280
33299370,281
33400530,282
32848731,24
32998021,283
9882201,48
33329681,48
26161059,140
26161059,175
32974324,140
32974324,235
32984658,284
33220715,285
21394058,91
21002524,77
6620563,48
11487920,52
25000171,72
24495424,72
33278897,48
2082354,150
24164802,48
33122378,144
33253996,48
18344212,131
33222041,48
19761721,202
2624562,48
33111686,48
33066095,48
33223928,48
4737694,56
23838153,72
26336495,256
33098186,48
33077183,48
32716121,92
30356818,209
11741470,48
8415862,286
33029989,48
33055690,48
33043601,207
33043601,122
12500777,48
14074123,98
26259726,48
12878922,56
14094708,147
14094708,148
6902487,48
32963110,168
20199962,48
23000709,168
32863289,48
32800829,2
27747582,69
26778199,48
27146902,287
14175795,48
27648501,158
19298477,56
25375419,48
25783455,48
15296091,261
25567337,48
28012711,48
29932034,91
27954839,56
26802780,140
26802780,288
26230267,131
13365886,48
19509369,239
32598743,48
24100894,44
26105973,249
27519815,48
13217248,254
26838998,289
29011451,48
28913245,56
17301432,41
27101366,56
33043641,290
26245242,19
24087490,131
27931789,48
17581560,72
7192950,72
28252666,48
27724589,48
17559281,249
34324178,291
27455780,48
7915234,48
4474246,56
33355229,74
26577423,48
15791798,124
12940185,240
15338603,292
28016783,48
27930171,56
1809062,293
20988203,48
21410013,165
21410013,154
11670703,176
12607031,140
12607031,294
26861541,48
20295967,118
17375520,295
24814826,48
20324176,99
12821591,257
8262980,56
27500879,27
19982426,145
33695759,48
26746402,48
27166057,3
29788062,48
8807637,56
27126292,48
27113381,48
1222235,48
12906682,72
15214121,192
33996522,48
26859177,48
33960254,48
8089368,56
26899566,3
25439649,26
26812267,124
10005982,267
33130106,296
9454760,72
19719401,297
19819022,48
7596205,56
9831882,99
12913033,63
26685602,131
17807027,48
25228618,173
14956555,48
26496208,56
11772175,56
34295376,48
34290639,103
7937872,56
25401445,72
25171653,72
10813344,52
8021652,143
17624006,77
25297225,48
23824538,298
20145724,48
25415797,91
32807817,48
13567666,48
18719480,98
25179484,72
25300311,140
25300311,243
28040137,48
12254061,221
27138749,36
19852187,299
19546696,72
11893943,69
11677684,56
19745724,140
19745724,300
19625594,56
17199315,56
32841549,301
15122395,74
17817078,77
25252780,48
25015784,118
19119983,245
24090867,140
24090867,234
34505617,48
27453068,48
18544295,56
18378709,48
5566638,72
9454285,72
17838710,56
14802289,302
15576751,63
16671042,144
2432358,86
19087115,144
17337862,48
15582779,118
13993341,48
21367628,303
6931525,270
11636268,87
15662231,245
8617827,56
8523263,304
32761853,48
26856619,58
5964048,69
6494447,149
6002546,56
13485044,56
16666055,63
7906302,48
7276713,108
15134987,48
20307209,140
20307209,188
15746305,305
23917792,56
19723152,72
7940439,72
968072,48
5993308,69
3200029,56
25083994,15
13195362,56
14028229,48
17661179,217
2049260,105
26682394,69
33306400,248
26227466,48
26516996,38
25324964,72
25453558,155
33083280,181
34497084,103
11535750,255
31702370,48
33354996,306
33400474,48
34348720,179
28027636,86
28128624,48
34074813,48
32711746,48
33883280,125
33960237,48
11824491,19
34449487,77
19121631,56
27787872,72
26502465,48
34395631,48
34478995,48
34126024,9
34466366,40
30709609,307
34156490,48
34453134,48
23959337,124
14781340,48
26583240,72
34126022,9
34411688,19
34439944,257
33984042,124
28026399,48
33026912,48
34432786,257
34334544,308
34328126,48
34408265,48
34413829,37
34404455,40
34291181,77
27724500,179
34308641,48
34255547,48
26787173,56
14067722,48
34390262,309
33353311,203
12907110,69
34369756,72
24855621,56
34067078,41
25334049,48
15608745,48
25395121,147
25395121,266
26524812,19
34102566,310
34013998,99
34344476,44
27979554,72
34331247,44
33871700,144
34322845,48
34274766,56
25565096,220
30366753,72
26618999,48
26820760,56
31762665,56
34256892,187
25178775,168
27426698,311
28146549,219
32716620,202
33086189,48
25245942,48
29330172,56
32983569,308
34242790,48
11853028,48
27698479,48
25068019,72
33674630,312
28559269,48
34212476,72
33036153,48
34127343,48
13476950,48
34207696,56
17695826,72
33949427,36
34162550,56
33020184,48
27504296,131
34121695,36
34105409,48
26469192,99
33877232,48
14109000,41
21319667,118
34044101,131
27995802,72
28863357,140
28863357,129
25340352,137
34105185,48
34091559,48
30017327,313
30211690,48
24066153,48
28097622,131
28161684,138
33045939,19
34014292,115
33444043,72
34057060,314
27491134,72
34039426,314
34039446,314
33986717,48
15074352,48
6540835,105
34000513,48
26399360,48
11908024,315
33995169,226
33995138,48
11548216,48
33861333,118
6963235,108
25354962,48
33987507,48
33973175,38
33178389,48
33972058,76
33963319,67
33677544,316
33677544,215
28121321,131
15709055,317
15179830,48
13859736,56
6032128,149
33397737,48
28287680,48
8814986,56
33733987,131
12480163,48
33001024,48
33365862,48
27959844,131
33593284,306
33442100,27
33411721,48
28459815,281
33417447,26
33042237,92
7988758,48
32807935,48
33403060,48
33331881,91
33393854,123
33373359,72
33334188,318
33234946,319
33359664,48
33361456,48
33360997,48
20233366,170
32814488,48
33105245,225
27730936,320
33323085,56
28992884,321
28125536,131
33316084,179
33285166,48
33276421,56
19413589,56
33222097,48
33261686,241
23683468,221
25442926,322
33190581,48
33257676,306
28991831,56
33234929,48
33245855,9
33230363,48
27745969,48
33223983,48
18898175,48
27964083,74
33131194,9
12480148,41
33138818,48
32727754,48
33102394,48
11726964,48
21007691,228
33077606,48
25458498,48
8263526,323
26857324,217
27834437,48
20889591,324
26854882,48
32992796,48
19476699,56
11950118,325
32992800,48
32983873,48
28655813,87
11733420,48
28311584,27
17736259,254
32846251,48
19481226,250
26559105,48
18218424,56
32890346,140
32890346,129
19449206,63
29037198,48
32900614,326
33022964,48
12387673,48
19685787,181
28222073,48
15681062,10
27815775,124
32824624,48
32981970,232
32824668,19
32824533,19
32807692,327
28245468,123
32791808,56
32788720,56
5996885,72
32784255,19
9806485,48
28863384,72
19459009,140
19459009,175
1809060,293
32716605,19
26639292,328
32720718,56
32711163,329
28045765,48
32682400,329
31396257,48
28653245,48
32698405,48
27169323,35
31720118,56
29994002,56
30249825,48
29037147,48
11948078,77
30118358,56
19116110,48
19255369,297
25149604,72
27721668,330
26364719,331
19103310,98
17826430,77
28029571,86
27931447,56
27715536,332
17762532,333
17642713,48
28145777,165
28145777,154
27508226,48
6696563,48
26868008,48
8616822,315
17653657,126
27159278,56
8471366,77
21143949,168
28035364,72
19106143,250
6440796,72
25428139,56
28046665,334
17497728,48
28038837,335
6651155,149
17722145,134
27962134,48
12116949,72
27952443,145
27718784,26
26819506,48
27948908,28
15292453,336
8380718,48
27952475,149
12473799,48
8555099,56
33043634,48
5599650,173
27921655,72
27917155,63
26023536,63
26268028,91
27739471,71
33861244,48
27733187,48
27577544,19
15338329,56
16797716,48
27539856,56
25130288,337
25321348,338
11488943,77
25314663,71
26325102,48
26325096,48
27509662,48
5961553,48
25775486,305
24920415,155
6280983,56
27456777,329
15240048,94
15353882,85
7915242,48
12666309,127
11741456,48
25233773,72
27138764,36
19630008,339
27118347,48
26086781,48
26875831,98
13354701,48
26858953,108
26792268,48
27004241,72
26986908,205
23903417,85
26894148,9
15327280,118
14140769,74
26862100,15
26328336,48
20209996,216
20209996,154
26790096,48
26808842,56
26731875,58
26101285,56
26772195,9
26790666,9
25432480,24
19102676,48
25453927,72
26335749,63
26224631,48
15106339,48
14121783,72
20197907,220
20156697,340
8128439,341
26590750,48
7903772,92
26536608,140
26536608,288
11695843,56
26450377,205
26454807,48
26432345,342
25312134,91
25451870,48
33996550,48
28040588,140
28040588,129
20950000,343
25568967,9
25272087,63
25437734,344
13979482,48
25456261,155
25447663,56
25369844,140
25369844,235
13455122,72
25409292,287
25405021,74
27726612,77
25338450,48
25352180,48
24814925,48
25353672,48
24973320,48
12996907,56
17757563,56
24960337,118
9738873,48
11039279,48
24164927,63
13412922,48
7370604,56
25064567,118
12287077,56
21390152,345
6662044,105
25219214,48
25223013,41
17836722,346
25137118,72
20054353,144
25184748,48
8180440,56
25043559,124
16710665,48
25188798,39
19494274,133
4408947,56
25003227,347
28118264,56
25065928,72
24923802,63
6632761,81
24993350,86
20263855,124
24982787,72
24981209,74
12500056,63
16959077,109
24134294,72
24038583,72
506280,99
23914919,61
34080461,26
15028608,48
33953078,56
23287842,48
32601216,348
10818052,118
12073351,349
24067964,48
23874854,86
15745917,72
2556005,149
10813505,92
27945236,149
32799954,56
34473941,350
34393215,18
6948887,48
34261420,48
27689700,131
34322800,48
6983495,48
24950470,168
8587882,118
33969108,48
20305862,78
14067881,48
25091259,56
32842412,48
23330076,72
9715543,114
11434471,48
23273136,69
23263886,56
32842444,40
23195941,351
11677621,48
14790177,27
2493165,126
33989010,58
12643528,48
8850621,67
13087013,41
6401503,56
21012277,41
16740664,124
21268733,173
17531564,56
21319629,118
19447845,352
21248306,56
33248572,353
4972219,56
33083251,15
21010405,48
21012921,48
20376459,56
20995215,48
33016679,15
10844805,48
20792600,77
2437849,48
11929810,77
19808432,140
19808432,300
19274871,308
8851172,48
12296395,72
20220998,354
32775591,56
32695842,48
20303138,56
19944624,355
20093041,356
19900198,56
17749596,72
19924371,56
19942520,56
5960157,56
27679366,62
24109775,56
15106411,48
8310688,256
9715548,115
19516465,63
19327228,140
19327228,175
19459687,357
12860120,56
19500276,147
19500276,154
15685943,56
19596230,48
19408022,128
19408022,129
17582527,125
27497979,98
18178406,48
19125869,249
19102851,140
19102851,129
18978667,48
18996024,126
17450478,358
19116125,73
17653970,332
9996643,359
20295582,177
19041755,72
17604614,72
17713575,56
23963248,48
4283188,72
17632100,56
11695391,27
17632152,126
17653187,48
17623672,48
12212100,48
6436751,74
15661725,48
17558133,72
15708927,360
17432329,48
17427184,48
17543521,78
9718464,118
8310437,56
33018176,117
15019686,52
25269981,48
15059685,48
16811460,56
19983914,256
9596399,56
16724811,48
16724834,48
14120389,48
26851178,39
34440500,48
15746122,261
34107011,256
7298673,52
34435229,251
15349135,48
15236695,361
15232813,72
14067857,48
15113015,48
34462698,1
12703358,48
11648395,27
15058908,56
4757835,72
8071607,56
13485265,48
14986133,77
14199295,74
25558644,100
13934152,56
25275416,362
25188818,72
8300103,56
12833172,77
25094305,72
7112058,56
12892793,48
32788038,363
14956572,108
14067872,48
13108124,56
12821921,56
31632380,102
12598378,48
17376382,364
10841527,48
12454068,41
15349040,226
28031993,56
24892850,295
12184254,105
11879438,158
6872379,56
2357943,108
7160356,56
11799786,78
3702217,56
11624517,48
6956983,48
8291614,72
11443980,56
11436634,240
11435974,91
10832493,56
25273033,9
10820677,108
9996659,359
7940542,67
27494209,365
9974377,48
14790415,134
19717967,366
8099398,56
13518067,91
8861035,48
21023379,180
8380711,48
8017895,72
7928953,72
27463171,124
12504892,48
2527516,108
26322759,173
10388517,117
8783388,48
11510519,77
25307438,48
11443619,48
33761555,367
6628601,48
4972796,72
10700975,72
14010832,41
14928546,48
15334311,325
29565819,368
30762582,58
29573642,18
33023587,51
33472573,362
23997911,63
24966625,15
25100614,10
20033877,369
23578019,15
25032452,64
26853386,9
34382622,18
34363210,370
34231065,9
317902,72
4473400,72
7931717,48
27101627,371
34348392,48
14795415,72
20923745,350
8617840,48
4007510,72
11733617,72
23948575,220
32979951,9
33121010,372
5501677,48
8444861,113
1809055,293
30076799,48
20974942,99
14067685,329
13934111,48
15354164,373
4795421,48
12906749,48
7916284,72
25295735,9
23085855,254
14206148,48
7043130,72
25100601,293
2385864,56
10815297,56
28319722,27
4520866,48
13358578,48
27148823,228
20112263,209
27532523,48
32806392,374
25211005,72
11443792,48
9996374,359
19466077,99
14175744,48
19458628,56
23906586,118
16780504,98
13613302,48
15146461,48
1769802,48
27539298,64
4153669,86
9996440,359
15019430,48
20329310,77
25398654,371
33217586,375
34333745,18
34341875,18
34342195,18
15125164,72
4552202,56
8317478,48
14111778,56
25897380,52
27577141,48
7950980,72
20887487,376
27158974,48
23355541,48
34239306,118
17379232,48
25131060,56
15273838,48
14097738,77
12987329,56
21306887,80
15750131,126
33376795,350
25446489,48
14132672,48
12829921,37
10836471,48
19449317,63
27150922,118
20305881,77
25335358,180
9715545,176
25181323,118
33020222,86
17695807,56
24133059,149
33178150,58
33672474,86
32761878,48
25348750,3
21003760,350
34307974,18
26778502,192
27416653,99
33249762,117
20105024,77
27476214,56
17376195,77
9794900,341
17791332,77
27490034,56
5772731,173
32976648,277
2232886,48
9806390,117
12511664,117
11929801,256
11547229,77
7907341,56
11435998,77
8262806,48
11437239,77
19042146,72
19041785,48
26632244,77
20328745,98
4945634,56
10068765,48
28285027,56
21027862,352
26853903,86
11725999,48
20999961,72
26632193,77
33669397,86
9996647,359
24132166,72
11694389,48
33018545,86
28134656,341
33073222,98
34107459,48
6983488,48
12729844,48
11443631,48
32794573,48
14960509,48
11698450,377
9552996,48
27495616,131
17414903,56
18114680,48
17579866,48
17432339,108
17325012,378
33271012,48
13391931,48
12829864,329
19413584,56
27721700,48
12816772,256
11744513,108
17389797,144
17547332,48
6438519,48
27752784,86
33012832,86
9974597,48
17528736,48
33250208,117
15300685,117
15085936,48
11887667,379
15129760,117
1853114,155
4795443,48
8611143,48
8861229,99
8540320,56
4607958,56
4945383,149
8861987,48
4040390,72
5851347,56
6019577,56
4610854,173
4795417,56
4751147,56
8571601,258
8654071,36
2648878,48
11513194,4
11639490,56
11641873,108
11620807,380
12892366,11
12906841,334
12279116,92
12530047,56
12883956,56
12963200,48
12282514,19
12282536,48
12454046,56
12529979,170
12804483,48
12869245,48
10117330,56
8017660,56
7950975,69
12254080,19
12812563,48
13123667,56
6946903,72
6601425,56
20295584,118
20368490,63
20913650,165
20913650,154
21045541,56
21051470,56
21051682,56
21082309,124
21129962,72
21094068,124
21207637,48
21312882,381
21350793,123
21511479,118
14890711,72
15019443,48
15135091,3
15232281,48
15334367,56
15579481,48
15349248,48
15581555,77
15637852,48
14132089,48
14175737,48
14199522,315
14910599,48
14796528,18
14910604,48
14991272,48
15146455,48
15224504,382
15321997,180
15690342,78
15745665,48
15618604,48
15645806,48
15709001,192
20235288,344
20303163,72
20902795,48
20957899,249
20948569,72
20958403,48
20991146,77
21057989,77
21074315,98
16733458,131
14199535,48
14910589,48
14948917,48
15363260,383
21083631,48
21170193,48
21158266,99
21192542,56
21265778,77
21268075,56
21306853,48
20871188,128
20871188,129
20974939,384
19000013,56
19041795,73
19085474,140
19085474,385
19122344,124
19763892,56
19807545,249
19920892,124
19207849,77
19242216,91
19313334,131
19408214,56
19649508,48
19649513,56
19842280,48
19808862,144
19841882,232
21028204,124
21192898,118
21209727,72
21211986,386
21251594,56
21359452,72
23043883,56
20218388,124
20256023,219
20241822,63
20813727,268
20902791,48
22999421,387
23028940,48
23089174,48
23218647,77
23294870,204
23296168,69
23309072,27
23310676,260
23382588,56
23392595,388
23503613,145
23596745,155
23705408,91
23816203,41
23309088,115
23467268,389
23499825,56
23513509,56
23752143,256
23693382,48
9996646,359
9883191,67
9996650,359
10187213,118
23675700,48
23474885,56
23480804,9
23714177,19
23517503,56
23766604,56
23728646,56
23715799,19
23716580,390
23759886,56
23760189,56
23790339,2
23898026,140
23898026,234
23910919,72
27130435,56
27131888,72
27175386,56
27161236,48
27415413,63
27450265,92
27422329,91
27303037,48
27415499,48
27419228,391
27479344,56
27462909,48
27443182,391
27491356,56
27466692,56
27469945,115
27489030,48
27508064,74
27514932,3
27486298,86
27519828,48
27540551,61
27516854,48
27506656,27
27511301,72
27514306,240
27532662,48
27522384,48
27535173,72
27531945,48
27673305,69
27706544,145
27672224,48
27732268,256
27714410,69
27718482,392
27730654,48
27729252,393
27737292,394
27734454,395
27744034,56
27796388,48
27743335,109
27820621,396
27820386,2
27845572,149
27798205,69
27926335,48
27926638,92
27934075,69
27930002,48
27935470,77
27937869,256
27966883,77
27983721,98
27974354,63
27982671,48
28047256,48
28043491,56
28044337,303
28037454,27
28097220,48
28043567,397
28118897,27
28105637,48
28127210,48
28125246,117
27150168,72
27148690,48
27150152,41
26861720,9
26996028,26
26899962,56
26968629,48
27001076,252
27036939,48
27095375,86
27103931,92
27101717,267
24116805,48
24129832,72
24139833,238
24421992,36
24848684,352
24834658,48
24976209,48
24959918,72
24994128,398
25049093,204
25076407,56
25210439,48
25159584,56
25253771,48
25241942,263
25245034,72
25316798,48
27536311,72
27532193,48
27699800,48
27715772,9
27672914,56
27719361,118
27709177,72
27739365,71
27726526,48
27741969,69
27905909,48
27755560,184
27857340,48
27951932,48
27926529,74
27703979,27
27796472,48
27886146,48
27905906,178
27917821,93
27941561,48
27963462,118
27979550,48
27979575,138
27982677,72
27979660,138
27985861,207
27985861,122
27978099,150
27495360,173
27501603,19
27500889,27
27506085,10
27508048,3
27509549,56
27541234,41
27648730,399
27706829,56
27706537,48
27738880,48
27728794,56
27842540,400
27926483,56
27925865,149
27926360,74
27930180,56
27941468,48
27930135,41
25004215,48
25073720,72
25093465,48
25213105,48
25197677,401
25165223,48
25239576,48
25258662,48
25262432,48
27066659,77
27111993,204
27097755,86
27116552,56
16717932,297
17181226,247
17321570,56
17369280,91
17461183,63
17477423,124
17483998,48
17528121,118
17558577,48
17539923,132
17695785,48
17822540,48
25332307,48
25337041,56
25423141,41
25453620,72
25550706,48
25571122,48
25573136,48
25755952,39
26103509,56
17253076,131
16932819,192
17352147,56
17306130,402
17695786,48
17816908,56
17796173,73
17816923,48
17844514,48
18847131,109
19041759,56
19097248,48
19139129,56
19435278,239
19776579,56
19623225,131
25428197,39
25547935,48
25576796,56
25804977,48
26234365,77
26264578,48
26329049,48
26434795,48
26628280,252
26603573,56
26661153,19
26656216,48
27181706,19
27461086,77
27417856,48
27983385,48
27997474,48
28012660,72
28007317,74
28003103,74
28029671,48
28044363,403
28036356,48
28031641,48
28061182,74
28121915,115
28125238,117
28105028,56
28146261,39
28130002,48
28142638,48
24020599,48
24113728,19
24088958,3
24124684,149
33004518,72
33004922,56
32998138,92
32999996,48
33007874,48
33030183,77
33037018,92
33024144,48
33055652,48
33026956,56
33062224,48
33028974,48
33066787,56
33031786,86
33069051,72
33038336,48
33083955,404
33039978,48
33062254,56
33073259,37
33073529,401
33085667,86
33089805,56
33099705,344
33105922,38
27415346,126
27436215,142
27478887,56
27494818,48
27466689,9
27504628,48
27501624,405
27511706,72
27511940,48
27541228,41
27648917,406
27718873,13
24001173,48
24026186,73
24070289,86
24132176,72
24107419,19
24984465,9
25065799,48
25087849,56
25166890,72
25175027,72
25256379,48
25256373,48
25308642,72
25292508,407
25295220,19
25256443,48
25263223,13
24871122,9
24916387,48
24963382,256
25004429,48
25048578,204
25079563,53
25174887,56
32714660,56
32712355,56
32702232,408
32708436,72
32716651,409
32714654,48
32760784,77
32825192,140
32825192,129
32826585,104
32791063,48
32814489,48
32808477,48
32862286,193
32840546,48
32890416,77
32859403,10
32935877,410
28382296,48
28416217,48
28562483,56
28587910,19
28663652,39
28650410,48
28652036,69
28664740,48
28664677,41
28668330,48
28122552,63
28115798,155
28155006,56
28161503,380
27153234,56
27417383,48
27430452,56
27535484,72
27671455,263
27703976,27
27706467,56
27706687,411
27717058,412
27735145,48
27800352,77
27929727,20
17623281,48
17713621,77
17693227,131
17806916,56
16739840,56
16780595,56
16797704,413
17713550,48
32716092,118
32724247,77
32761679,48
32784396,58
32831088,56
28513197,194
28612962,48
28657128,27
28659385,118
28653994,48
28897349,81
28653965,48
28666981,37
28668593,140
28668593,163
29037215,39
28985558,48
30017224,414
31671617,56
27771372,9
27965826,117
27963161,40
27961504,56
27981176,48
28010713,56
27992870,56
27995990,415
28054219,64
28038481,27
28106927,69
28102849,48
15216945,48
15521845,130
15637842,48
15224225,160
15530994,48
28745910,67
30076795,48
29017476,48
29018932,48
30513904,72
30710038,137
32696792,69
31661979,15
30793503,92
32696995,69
32710763,140
32710763,416
31930023,212
32720399,19
32742951,267
32707436,329
32742192,77
32841330,417
32822610,38
32830923,48
32824346,48
28413201,48
28467896,74
28477458,48
28458718,56
28105699,48
28118805,240
28123259,48
27417855,48
27422442,48
27435899,56
27536399,173
27670400,15
27726488,72
27746519,81
27760461,48
27949813,34
21133474,418
21171802,56
23949975,15
24058161,41
24070563,92
24088961,419
24177835,82
26840407,48
26806770,48
26808762,56
26822707,56
26724072,48
26696738,48
26698093,344
24897408,78
24922830,48
24822159,56
24968796,265
24994870,56
24973243,256
27122689,170
27136122,56
26857759,72
26821492,48
26822604,19
26859229,53
26861537,48
27163498,69
23214932,56
23274028,171
27688905,48
27661467,91
27674161,48
27707893,63
27731614,344
27921363,9
27927695,99
27931183,69
27961005,9
27111137,48
27118440,48
27122969,48
27111130,48
27131454,77
28580836,28
28663460,114
28664692,319
28755787,72
28986347,253
29013079,48
28148427,99
28155484,48
28190148,56
28220075,48
28184410,420
28213146,48
28260201,55
28214068,56
28288981,48
28138977,421
28149237,41
28153814,422
28244708,48
28183422,9
28213065,423
28271147,11
28340208,72
28667724,3
32706263,77
32798069,140
32798069,129
32834383,48
32822581,38
32908452,93
29327755,10
30936710,48
30483354,72
32668597,48
32601219,348
32626892,48
32716116,257
31912286,63
24064823,56
24139882,9
24980546,48
24981972,48
24984477,9
25147971,48
25397650,48
25456258,155
25463048,256
25456213,155
25416073,56
25418146,41
25458476,48
25946078,86
26217375,36
26227178,72
26259766,56
26344931,124
26327223,424
26337818,48
26338593,48
26441042,69
26464690,48
32992267,27
32975614,56
32976930,311
33006649,48
32988248,306
33017318,56
33018411,284
33019336,118
33053681,207
33053681,425
33057095,77
33072651,74
33110319,119
33113621,27
33120329,182
33121491,48
33138815,202
33152631,426
33224206,245
33217209,74
33219160,427
33226129,363
33224594,86
33189669,48
33245783,401
33243786,48
33250920,72
33252823,48
33266618,77
33311602,240
33322389,72
33306309,15
33355255,74
33343783,56
33345372,9
33349630,63
33400442,48
32979931,9
32927125,86
33042494,86
33053688,86
33033093,311
33046210,48
33065665,48
33072381,48
33100755,48
33117161,108
33122816,69
33123886,48
33110329,156
25852553,69
25925810,41
26193479,9
26258521,140
26258521,129
26365466,165
26365466,154
26365860,428
26456720,26
26444843,56
26639408,56
26628632,48
26684049,56
26639367,56
33399742,48
33400162,130
33367170,429
33399232,48
33382415,430
33391176,48
33441646,48
33404315,48
33418369,221
33442984,56
33444093,130
33472612,145
33595550,431
33440173,48
33595093,225
33671854,48
33787222,432
33813141,28
33595073,93
33673116,48
33712710,433
33675706,180
33787211,432
33736701,72
32980365,306
32935911,179
25323322,434
25423241,41
25575946,48
25986884,48
26230333,48
26229966,48
26320403,192
26310923,48
26364542,134
33761564,9
33787900,432
33680173,74
33737177,48
33787905,432
33862744,179
33677353,48
33950685,239
32991816,48
32980478,429
32995301,179
32996490,48
32999653,48
32988808,41
32997200,104
32997268,48
33021890,140
33021890,129
33023544,56
33010677,48
33359757,72
33359321,48
33671858,48
33761652,91
33787226,432
33745584,92
33813146,28
33962236,9
33956505,184
33872303,48
33983744,435
34027120,48
33986472,48
34033443,56
34036828,88
34002988,265
34003355,48
34046872,77
34036306,257
34053434,48
34056730,56
34045539,56
34066475,48
34068414,28
34076653,48
34084647,306
34106855,308
34144594,48
34127298,48
34255548,40
34244708,436
34310045,437
34304356,48
34320990,48
34311205,48
34316517,128
34316517,129
34327440,48
34325513,48
34319590,438
34295727,179
34331925,184
34367010,48
33787218,432
33677250,207
33677250,122
33394212,63
33369881,48
33404359,48
33443912,305
33595616,306
33787221,432
32980810,48
32970960,48
32983836,308
33993988,74
34002772,140
34002772,129
34028693,19
34043098,52
34034460,41
34066819,439
34048049,77
34074799,56
26877383,86
26867659,48
34279002,48
34282483,48
34241336,170
34258187,130
34258257,130
34312527,184
34297364,4
34284615,440
34284688,48
34334620,207
34334620,122
34340872,48
34329188,48
34350431,98
34299494,63
34333041,441
33787209,432
33787225,432
33871096,56
33988623,48
33989334,108
33974083,27
33974057,27
33984963,77
33962104,48
33999061,226
33974183,63
34005186,48
34033500,92
33999059,226
34099006,48
34069748,48
34096190,48
34115961,48
34098111,56
34146450,9
33670544,36
33876168,124
33949741,86
33861411,48
33954379,118
33863872,48
33950469,99
33960576,52
33969023,56
33994905,184
33995414,48
34022718,56
34034430,442
33974186,63
33680172,173
33595253,296
33881318,108
33897727,48
33787208,432
33787223,432
33966434,226
33951531,69
33987384,429
33994913,184
34024118,48
34023625,48
34135290,118
34144980,443
34112063,48
34187538,52
34146477,41
34224405,48
34257977,118
34234813,48
34288088,56
34302164,77
34258277,130
34254065,56
34275879,48
34304360,48
34321463,48
34310079,340
34297728,48
34332354,48
33002939,192
32995628,48
34065126,56
33724601,173
33951535,69
33962234,48
33949325,48
34002814,64
33870506,27
33874436,108
33919066,173
33862189,444
33969203,48
34021322,392
34013134,224
34030200,48
34026779,48
34064841,56
33995167,226
34002833,48
34046837,56
34084127,91
34094423,77
34097453,103
34127228,145
34133437,445
34345774,52
34344547,48
34382625,48
34384062,446
34355239,40
34367275,48
34416989,118
34412341,48
34449016,48
34430591,91
34110221,48
34145875,344
34127623,48
34160824,48
34288481,74
34248335,257
34244712,48
34311075,9
34315186,56
34288295,56
34320902,48
34350395,257
34334704,147
34334704,447
34374182,48
34384129,173
34420157,158
33985284,62
33995475,226
32904194,150
33503562,48
33443844,93
33787214,432
34350467,48
34384075,448
34386354,77
34386662,449
34328023,72
34388544,18
34367277,48
34391299,28
34342028,64
34347057,77
34406155,48
33990654,257
34067199,48
34108591,240
34127978,48
34115637,88
34168490,256
34331553,108
34337632,48
34411977,48
34423278,77
34405723,56
34478688,106
34419230,83
34471651,410
34432057,48
34471657,28
34479206,48
34514717,56
34476817,91
34445999,450
34501178,451
34495424,48
34502928,74
34514931,56
34514899,56
34518573,28
34480901,400
34516489,412
34485313,48
34524442,381
34495359,140
34495359,452
34532948,228
34509574,56
34509929,72
34508995,48
34515006,56
34435391,327
34464291,77
